Workbook
Name DATA: #REF!
Name DATA: #REF!
Name DATA: #REF!
Name DATA: #REF!
Name DATA: #REF!
Name DATA: #REF!
Name DATA: #REF!
Name DATA: #REF!
Name DATA: #REF!
Name DATA: #REF!
Name DATA: #REF!
Name ㅇㅇ: #REF!
Name ㅇㅇ: #REF!
Name ㅗㅗㅗ: #REF!
Name ㅗㅗㅗ: #REF!
Name ㅗㅗㅗ: #REF!
Name ㅗㅗㅗ: #REF!
Name ㅗㅗㅗ: #REF!
Name ㅗㅗㅗ: #REF!
Name ㅗㅗㅗ: #REF!
Name ㅗㅗㅗ: #REF!
Name ㅗㅗㅗ: #REF!
Name ㅗㅗㅗ: #REF!

Sheet 11월 에너지 (2)
A1: 18년 11월 ENERGY 실적
B2: 반 | E2: Heat | F2: M1 | H2: M2 | J2: R | L2: 계 | N2: 원단위 | R2: 출강량 | S2: Lanma 산소 | X2: VLB 및 Burner 산소 | AC2: 산소계 | AE2: VLB 및 Burner 연료
F3: 시간 | G3: 전력 | H3: 시간 | I3: 전력 | J3: 시간 | K3: 전력 | L3: 시간 | M3: 전력 | N3: M1 | O3: M2 | P3: R | Q3: 계 | S3: M1 | T3: M2 | U3: R | V3: 계 | W3: 원단위 | X3: M1 | Y3: M2 | Z3: R | AA3: 계 | AB3: 원단위 | AC3: 사용량 | AD3: 원단위 | AE3: M1 | AF3: M2 | AG3: R | AH3: 계 | AI3: 원단위
B4: A | E4: =COUNTIF(B$14:B$789,B4) -> 207 | F4: =IF(E4=0,"",SUMIF($B$14:$B$960,$B4,F$14:F$960)/$E4) -> 15.193237 | G4: =IF(E4=0,"",SUMIF($B$14:$B$960,$B4,G$14:G$960)/$E4) -> 17385.99 | H4: =IF(E4=0,"",SUMIF($B$14:$B$960,$B4,H$14:H$960)/$E4) -> 12.352657 | I4: =IF(E4=0,"",SUMIF($B$14:$B$960,$B4,I$14:I$960)/$E4) -> 14615.942 | J4: =IF(E4=0,"",SUMIF($B$14:$B$960,$B4,J$14:J$960)/$E4) -> 6.0048309 | K4: =IF(E4=0,"",SUMIF($B$14:$B$960,$B4,K$14:K$960)/$E4) -> 7647.343 | L4: =IF(E4=0,"",SUMIF($B$14:$B$960,$B4,L$14:L$960)/$E4) -> 33.550725 | M4: =IF(E4=0,"",SUMIF($B$14:$B$960,$B4,M$14:M$960)/$E4) -> 39649.275 | N4: =IF(E4=0,"",SUMIF($B$14:$B$960,$B4,N$14:N$960)/$E4) -> 119.47889 | O4: =IF(E4=0,"",SUMIF($B$14:$B$960,$B4,O$14:O$960)/$E4) -> 99.974539 | P4: =IF(E4=0,"",SUMIF($B$14:$B$960,$B4,P$14:P$960)/$E4) -> 52.683362 | Q4: =IF($E4=0,"",SUMIF($B$14:$B$960,$B4,Q$14:Q$960)/$E4) -> 272.13679 | R4: =IF(ISERROR(SUMIF($B$14:$B$960,$B4,R$14:R$960)/$E4),"",(SUMIF($B$14:$B$960,$B4,R$14:R$960)/$E4)) -> 106.39372 | S4: =IF(E4=0,"",SUMIF($B$14:$B$960,$B4,S$14:S$960)/$E4) -> 0.62318841 | T4: =IF(E4=0,"",SUMIF($B$14:$B$960,$B4,T$14:T$960)/$E4) -> 106.42995 | U4: =IF(E4=0,"",SUMIF($B$14:$B$960,$B4,U$14:U$960)/$E4) -> 157.31401 | V4: =IF(E4=0,"",SUMIF($B$14:$B$960,$B4,V$14:V$960)/$E4) -> 264.36715 | W4: =IF(E4=0,"",SUMIF($B$14:$B$960,$B4,W$14:W$960)/$E4) -> 1.8159829 | X4: =IF(E4=0,"",SUMIF($B$14:$B$960,$B4,X$14:X$960)/$E4) -> 1264.8309 | Y4: =IF(E4=0,"",SUMIF($B$14:$B$960,$B4,Y$14:Y$960)/$E4) -> 1156.1449 | Z4: =IF(E4=0,"",SUMIF($B$14:$B$960,$B4,Z$14:Z$960)/$E4) -> 621.42995 | AA4: =IF(E4=0,"",SUMIF($B$14:$B$960,$B4,AA$14:AA$960)/$E4) -> 3042.4058 | AB4: =IF(E4=0,"",SUMIF($B$14:$B$960,$B4,AB$14:AB$960)/$E4) -> 20.884555 | AC4: =IF(E4=0,"",SUMIF($B$14:$B$960,$B4,AC$14:AC$960)/$E4) -> 3306.7729 | AD4: =IF(E4=0,"",SUMIF($B$14:$B$960,$B4,AD$14:AD$960)/$E4) -> 22.700538 | AE4: =IF(E4=0,"",SUMIF($B$14:$B$960,$B4,AE$14:AE$960)/$E4) -> 18.763285 | AF4: =IF(E4=0,"",SUMIF($B$14:$B$960,$B4,AF$14:AF$960)/$E4) -> 18.483092 | AG4: =IF(E4=0,"",SUMIF($B$14:$B$960,$B4,AG$14:AG$960)/$E4) -> 0.11111111 | AH4: =IF(E4=0,"",SUMIF($B$14:$B$960,$B4,AH$14:AH$960)/$E4) -> 37.357488 | AI4: =IF(E4=0,"",SUMIF($B$14:$B$960,$B4,AI$14:AI$960)/$E4) -> 0.25659558
B5: B | E5: =COUNTIF(B$14:B$789,B5) -> 188 | F5: =IF(E5=0,"",SUMIF($B$14:$B$960,$B5,F$14:F$960)/$E5) -> 15.111702 | G5: =IF(E5=0,"",SUMIF($B$14:$B$960,$B5,G$14:G$960)/$E5) -> 17297.872 | H5: =IF(E5=0,"",SUMIF($B$14:$B$960,$B5,H$14:H$960)/$E5) -> 12.425532 | I5: =IF(E5=0,"",SUMIF($B$14:$B$960,$B5,I$14:I$960)/$E5) -> 14553.564 | J5: =IF(E5=0,"",SUMIF($B$14:$B$960,$B5,J$14:J$960)/$E5) -> 6.3351064 | K5: =IF(E5=0,"",SUMIF($B$14:$B$960,$B5,K$14:K$960)/$E5) -> 8136.1702 | L5: =IF(E5=0,"",SUMIF($B$14:$B$960,$B5,L$14:L$960)/$E5) -> 33.87234 | M5: =IF(E5=0,"",SUMIF($B$14:$B$960,$B5,M$14:M$960)/$E5) -> 39987.606 | N5: =IF(E5=0,"",SUMIF($B$14:$B$960,$B5,N$14:N$960)/$E5) -> 117.4875 | O5: =IF(E5=0,"",SUMIF($B$14:$B$960,$B5,O$14:O$960)/$E5) -> 98.566208 | P5: =IF(E5=0,"",SUMIF($B$14:$B$960,$B5,P$14:P$960)/$E5) -> 55.447756 | Q5: =IF(E5=0,"",SUMIF($B$14:$B$960,$B5,Q$14:Q$960)/$E5) -> 271.50147 | R5: =IF(ISERROR(SUMIF($B$14:$B$960,$B5,R$14:R$960)/$E5),"",(SUMIF($B$14:$B$960,$B5,R$14:R$960)/$E5)) -> 107.43989 | S5: =IF(E5=0,"",SUMIF($B$14:$B$960,$B5,S$14:S$960)/$E5) -> 0 | T5: =IF(E5=0,"",SUMIF($B$14:$B$960,$B5,T$14:T$960)/$E5) -> 108.48936 | U5: =IF(E5=0,"",SUMIF($B$14:$B$960,$B5,U$14:U$960)/$E5) -> 164.92021 | V5: =IF(E5=0,"",SUMIF($B$14:$B$960,$B5,V$14:V$960)/$E5) -> 273.40957 | W5: =IF(E5=0,"",SUMIF($B$14:$B$960,$B5,W$14:W$960)/$E5) -> 1.8573929 | X5: =IF(E5=0,"",SUMIF($B$14:$B$960,$B5,X$14:X$960)/$E5) -> 1266.2128 | Y5: =IF(E5=0,"",SUMIF($B$14:$B$960,$B5,Y$14:Y$960)/$E5) -> 1159.484 | Z5: =IF(E5=0,"",SUMIF($B$14:$B$960,$B5,Z$14:Z$960)/$E5) -> 620.15957 | AA5: =IF(E5=0,"",SUMIF($B$14:$B$960,$B5,AA$14:AA$960)/$E5) -> 3045.8564 | AB5: =IF(E5=0,"",SUMIF($B$14:$B$960,$B5,AB$14:AB$960)/$E5) -> 20.679635 | AC5: =IF(E5=0,"",SUMIF($B$14:$B$960,$B5,AC$14:AC$960)/$E5) -> 3319.266 | AD5: =IF(E5=0,"",SUMIF($B$14:$B$960,$B5,AD$14:AD$960)/$E5) -> 22.537028 | AE5: =IF(E5=0,"",SUMIF($B$14:$B$960,$B5,AE$14:AE$960)/$E5) -> 18.542553 | AF5: =IF(E5=0,"",SUMIF($B$14:$B$960,$B5,AF$14:AF$960)/$E5) -> 18.776596 | AG5: =IF(E5=0,"",SUMIF($B$14:$B$960,$B5,AG$14:AG$960)/$E5) -> 0.35638298 | AH5: =IF(E5=0,"",SUMIF($B$14:$B$960,$B5,AH$14:AH$960)/$E5) -> 37.675532 | AI5: =IF(E5=0,"",SUMIF($B$14:$B$960,$B5,AI$14:AI$960)/$E5) -> 0.25555929
B6: C | E6: =COUNTIF(B$14:B$789,B6) -> 176 | F6: =IF(E6=0,"",SUMIF($B$14:$B$960,$B6,F$14:F$960)/$E6) -> 14.9375 | G6: =IF(E6=0,"",SUMIF($B$14:$B$960,$B6,G$14:G$960)/$E6) -> 17186.245 | H6: =IF(E6=0,"",SUMIF($B$14:$B$960,$B6,H$14:H$960)/$E6) -> 12.761364 | I6: =IF(E6=0,"",SUMIF($B$14:$B$960,$B6,I$14:I$960)/$E6) -> 14947.727 | J6: =IF(E6=0,"",SUMIF($B$14:$B$960,$B6,J$14:J$960)/$E6) -> 5.9147727 | K6: =IF(E6=0,"",SUMIF($B$14:$B$960,$B6,K$14:K$960)/$E6) -> 7426.1364 | L6: =IF(E6=0,"",SUMIF($B$14:$B$960,$B6,L$14:L$960)/$E6) -> 33.613636 | M6: =IF(E6=0,"",SUMIF($B$14:$B$960,$B6,M$14:M$960)/$E6) -> 39560.109 | N6: =IF(E6=0,"",SUMIF($B$14:$B$960,$B6,N$14:N$960)/$E6) -> #DIV/0! | O6: =IF(E6=0,"",SUMIF($B$14:$B$960,$B6,O$14:O$960)/$E6) -> 101.39551 | P6: =IF(E6=0,"",SUMIF($B$14:$B$960,$B6,P$14:P$960)/$E6) -> 50.383359 | Q6: =IF(E6=0,"",SUMIF($B$14:$B$960,$B6,Q$14:Q$960)/$E6) -> 267.0213 | R6: =IF(ISERROR(SUMIF($B$14:$B$960,$B6,R$14:R$960)/$E6),"",(SUMIF($B$14:$B$960,$B6,R$14:R$960)/$E6)) -> 107.23523 | S6: =IF(E6=0,"",SUMIF($B$14:$B$960,$B6,S$14:S$960)/$E6) -> 0 | T6: =IF(E6=0,"",SUMIF($B$14:$B$960,$B6,T$14:T$960)/$E6) -> 103.92045 | U6: =IF(E6=0,"",SUMIF($B$14:$B$960,$B6,U$14:U$960)/$E6) -> 166.25568 | V6: =IF(E6=0,"",SUMIF($B$14:$B$960,$B6,V$14:V$960)/$E6) -> 270.17614 | W6: =IF(E6=0,"",SUMIF($B$14:$B$960,$B6,W$14:W$960)/$E6) -> 1.8322391 | X6: =IF(E6=0,"",SUMIF($B$14:$B$960,$B6,X$14:X$960)/$E6) -> 1255.0284 | Y6: =IF(E6=0,"",SUMIF($B$14:$B$960,$B6,Y$14:Y$960)/$E6) -> 1187.267 | Z6: =IF(E6=0,"",SUMIF($B$14:$B$960,$B6,Z$14:Z$960)/$E6) -> 605.72159 | AA6: =IF(E6=0,"",SUMIF($B$14:$B$960,$B6,AA$14:AA$960)/$E6) -> 3048.017 | AB6: =IF(E6=0,"",SUMIF($B$14:$B$960,$B6,AB$14:AB$960)/$E6) -> 20.677873 | AC6: =IF(E6=0,"",SUMIF($B$14:$B$960,$B6,AC$14:AC$960)/$E6) -> 3318.1932 | AD6: =IF(E6=0,"",SUMIF($B$14:$B$960,$B6,AD$14:AD$960)/$E6) -> 22.510112 | AE6: =IF(E6=0,"",SUMIF($B$14:$B$960,$B6,AE$14:AE$960)/$E6) -> 18.318182 | AF6: =IF(E6=0,"",SUMIF($B$14:$B$960,$B6,AF$14:AF$960)/$E6) -> 19.238636 | AG6: =IF(E6=0,"",SUMIF($B$14:$B$960,$B6,AG$14:AG$960)/$E6) -> 0 | AH6: =IF(E6=0,"",SUMIF($B$14:$B$960,$B6,AH$14:AH$960)/$E6) -> 37.556818 | AI6: =IF(E6=0,"",SUMIF($B$14:$B$960,$B6,AI$14:AI$960)/$E6) -> 0.25479674
B7: D | E7: =COUNTIF(B$14:B$789,B7) -> 193 | F7: =IF(E7=0,"",SUMIF($B$14:$B$960,$B7,F$14:F$960)/$E7) -> 14.632124 | G7: =IF(E7=0,"",SUMIF($B$14:$B$960,$B7,G$14:G$960)/$E7) -> 17012.737 | H7: =IF(E7=0,"",SUMIF($B$14:$B$960,$B7,H$14:H$960)/$E7) -> 12.492228 | I7: =IF(E7=0,"",SUMIF($B$14:$B$960,$B7,I$14:I$960)/$E7) -> 14725.389 | J7: =IF(E7=0,"",SUMIF($B$14:$B$960,$B7,J$14:J$960)/$E7) -> 6.0777202 | K7: =IF(E7=0,"",SUMIF($B$14:$B$960,$B7,K$14:K$960)/$E7) -> 7648.7047 | L7: =IF(E7=0,"",SUMIF($B$14:$B$960,$B7,L$14:L$960)/$E7) -> 33.202073 | M7: =IF(E7=0,"",SUMIF($B$14:$B$960,$B7,M$14:M$960)/$E7) -> 39386.831 | N7: =IF(E7=0,"",SUMIF($B$14:$B$960,$B7,N$14:N$960)/$E7) -> #DIV/0! | O7: =IF(E7=0,"",SUMIF($B$14:$B$960,$B7,O$14:O$960)/$E7) -> 100.04111 | P7: =IF(E7=0,"",SUMIF($B$14:$B$960,$B7,P$14:P$960)/$E7) -> 52.010257 | Q7: =IF(E7=0,"",SUMIF($B$14:$B$960,$B7,Q$14:Q$960)/$E7) -> 265.76046 | R7: =IF(ISERROR(SUMIF($B$14:$B$960,$B7,R$14:R$960)/$E7),"",(SUMIF($B$14:$B$960,$B7,R$14:R$960)/$E7)) -> 105.27979 | S7: =IF(E7=0,"",SUMIF($B$14:$B$960,$B7,S$14:S$960)/$E7) -> 0 | T7: =IF(E7=0,"",SUMIF($B$14:$B$960,$B7,T$14:T$960)/$E7) -> 115.12435 | U7: =IF(E7=0,"",SUMIF($B$14:$B$960,$B7,U$14:U$960)/$E7) -> 144.64767 | V7: =IF(E7=0,"",SUMIF($B$14:$B$960,$B7,V$14:V$960)/$E7) -> 259.77202 | W7: =IF(E7=0,"",SUMIF($B$14:$B$960,$B7,W$14:W$960)/$E7) -> 1.7649268 | X7: =IF(E7=0,"",SUMIF($B$14:$B$960,$B7,X$14:X$960)/$E7) -> 1211.8549 | Y7: =IF(E7=0,"",SUMIF($B$14:$B$960,$B7,Y$14:Y$960)/$E7) -> 1156.9171 | Z7: =IF(E7=0,"",SUMIF($B$14:$B$960,$B7,Z$14:Z$960)/$E7) -> 594.64249 | AA7: =IF(E7=0,"",SUMIF($B$14:$B$960,$B7,AA$14:AA$960)/$E7) -> 2963.4145 | AB7: =IF(E7=0,"",SUMIF($B$14:$B$960,$B7,AB$14:AB$960)/$E7) -> 20.13816 | AC7: =IF(E7=0,"",SUMIF($B$14:$B$960,$B7,AC$14:AC$960)/$E7) -> 3223.1865 | AD7: =IF(E7=0,"",SUMIF($B$14:$B$960,$B7,AD$14:AD$960)/$E7) -> 21.903087 | AE7: =IF(E7=0,"",SUMIF($B$14:$B$960,$B7,AE$14:AE$960)/$E7) -> 18.015544 | AF7: =IF(E7=0,"",SUMIF($B$14:$B$960,$B7,AF$14:AF$960)/$E7) -> 19.067358 | AG7: =IF(E7=0,"",SUMIF($B$14:$B$960,$B7,AG$14:AG$960)/$E7) -> 0.21243523 | AH7: =IF(E7=0,"",SUMIF($B$14:$B$960,$B7,AH$14:AH$960)/$E7) -> 37.295337 | AI7: =IF(E7=0,"",SUMIF($B$14:$B$960,$B7,AI$14:AI$960)/$E7) -> 0.25357061
B8: A로평균 | E8: =COUNTIF(C$14:C$789,"A") -> 385 | F8: =IF($E$8=0,"",SUMIF($C$14:$C$960,"A",F14:F960)/$E$8) -> 14.924675 | G8: =IF($E$8=0,"",SUMIF($C$14:$C$960, "A", G14:G960)/$E$8) -> 17353.401 | H8: =IF(E8=0,"",SUMIF($B$14:$B$960,$B8,H$14:H$960)/$E8) -> 0 | I8: =IF($E$8=0,"",SUMIF($C$14:$C$960, "A", I14:I960)/$E$8) -> 14748.494 | J8: =IF($E$8=0,"",SUMIF($C$14:$C$960,"A",J14:J960)/$E$8) -> 6.2727273 | K8: =IF($E$8=0,"",SUMIF($C$14:$C$960, "A", K14:K960)/$E$8) -> 7913.5065 | L8: =IF($E$8=0,"",SUMIF($C$14:$C$960, "A", L14:L960)/$E$8) -> 33.724675 | M8: =IF($E$8=0,"",SUMIF($C$14:$C$960, "A", M14:M960)/$E$8) -> 40015.401 | N8: =IF($E$8=0,"",SUMIF($C$14:$C$960, "A", N14:N960)/$E$8) -> #DIV/0! | O8: =IF($E$8=0,"",SUMIF($C$14:$C$960, "A", O14:O960)/$E$8) -> 100.21006 | P8: =IF($E$8=0,"",SUMIF($C$14:$C$960, "A", P14:P960)/$E$8) -> 53.92205 | Q8: =IF($E$8=0,"",SUMIF($C$14:$C$960, "A", Q14:Q960)/$E$8) -> 270.6309 | R8: =IF($E$8=0,"",SUMIF($C$14:$C$960,"A",R14:R960)/$E$8) -> 107.01558 | S8: =IF($E$8=0,"",SUMIF($C$14:$C$960, "A", S14:S960)/$E$8) -> 0 | T8: =IF($E$8=0,"",SUMIF($C$14:$C$960, "A", T14:T960)/$E$8) -> 109.31688 | U8: =IF($E$8=0,"",SUMIF($C$14:$C$960, "A", U14:U960)/$E$8) -> 161.15065 | V8: =IF($E$8=0,"",SUMIF($C$14:$C$960, "A", V14:V960)/$E$8) -> 270.46753 | W8: =IF($E$8=0,"",SUMIF($C$14:$C$960, "A", W14:W960)/$E$8) -> 1.840097 | X8: =IF($E$8=0,"",SUMIF($C$14:$C$960, "A", X14:X960)/$E$8) -> 1251.5532 | Y8: =IF($E$8=0,"",SUMIF($C$14:$C$960, "A", Y14:Y960)/$E$8) -> 1168.5455 | Z8: =IF($E$8=0,"",SUMIF($C$14:$C$960, "A", Z14:Z960)/$E$8) -> 627.21299 | ... AI8: =IF($E$8=0,"",SUMIF($C$14:$C$960, "A", AI14:AI960)/$E$8) -> 0.25433922
B9: B로평균 | E9: =COUNTIF(C$14:C$789,"B") -> 379 | F9: =IF($E$9=0,"",SUMIF($C$14:$C$960,"B",F14:F960)/$E$9) -> 15.021108 | G9: =IF($E$9=0,"",SUMIF($C$14:$C$960,"B",G14:G960)/$E$9) -> 17092.555 | H9: =IF(E9=0,"",SUMIF($B$14:$B$960,$B9,H$14:H$960)/$E9) -> 0 | I9: =IF($E$9=0,"",SUMIF($C$14:$C$960,"B",I14:I960)/$E$9) -> 14660.158 | J9: =IF($E$9=0,"",SUMIF($C$14:$C$960,"B",J14:J960)/$E$9) -> 5.8918206 | K9: =IF($E$9=0,"",SUMIF($C$14:$C$960,"B",K14:K960)/$E$9) -> 7517.4142 | L9: =IF($E$9=0,"",SUMIF($C$14:$C$960, "B", L14:L960)/$E$9) -> 33.385224 | M9: =IF($E$9=0,"",SUMIF($C$14:$C$960,"B",M14:M960)/$E$9) -> 39270.127 | N9: =IF($E$9=0,"",SUMIF($C$14:$C$960,"B",N14:N960)/$E$9) -> #DIV/0! | O9: =IF($E$9=0,"",SUMIF($C$14:$C$960,"B",O14:O960)/$E$9) -> 99.730467 | P9: =IF($E$9=0,"",SUMIF($C$14:$C$960,"B",P14:P960)/$E$9) -> 51.385477 | Q9: =IF($E$9=0,"",SUMIF($C$14:$C$960,"B",Q14:Q960)/$E$9) -> 267.72879 | R9: =IF($E$9=0,"",SUMIF($C$14:$C$960,"B",R14:R960)/$E$9) -> 106.10449 | S9: =IF($E$9=0,"",SUMIF($C$14:$C$960,"B",S14:S960)/$E$9) -> 0.34036939 | T9: =IF($E$9=0,"",SUMIF($C$14:$C$960,"B",T14:T960)/$E$9) -> 107.781 | ... AB9: =IF($E$9=0,"",SUMIF($C$14:$C$960,"B",AB14:AB960)/$E$9) -> 20.46611 | AC9: =IF($E$9=0,"",SUMIF($C$14:$C$960, "B", AC14:AC960)/$E$9) -> 3264.5277 | AD9: =IF($E$9=0,"",SUMIF($C$14:$C$960, "B", AD14:AD960)/$E$9) -> 22.259688 | AE9: =IF($E$9=0,"",SUMIF($C$14:$C$960,"B",AE14:AE960)/$E$9) -> 18.477573 | AF9: =IF($E$9=0,"",SUMIF($C$14:$C$960,"B",AF14:AF960)/$E$9) -> 19.002639 | AG9: =IF($E$9=0,"",SUMIF($C$14:$C$960,"B",AG14:AG960)/$E$9) -> 0.060686016 | AH9: =IF($E$9=0,"",SUMIF($C$14:$C$960,"B",AH14:AH960)/$E$9) -> 37.540897 | AI9: =IF($E$9=0,"",SUMIF($C$14:$C$960,"B",AI14:AI960)/$E$9) -> 0.25599785
B10: Total Average | E10: =E8+E9 -> 764 | F10: =IF(F14="","",AVERAGE(F14:F960)) -> 20.647482 | G10: =IF(G14="","",AVERAGE(G14:G960)) -> 23375.905 | H10: =IF(H14="","",AVERAGE(H14:H960)) -> 17.239209 | I10: =IF(I14="","",AVERAGE(I14:I960)) -> 20279.982 | J10: =IF(J14="","",AVERAGE(J14:J960)) -> 8.3938849 | K10: =IF(K14="","",AVERAGE(K14:K960)) -> 10647.482 | L10: =IF(L14="","",AVERAGE(L14:L960)) -> 45.382716 | M10: =IF(M14="","",AVERAGE(M14:M960)) -> 53713.087 | ... Q10: =IF(Q14="","",AVERAGE(Q14:Q960)) -> 371.27507 | R10: =IF(E10="","",AVERAGE(R14:R960)) -> 146.95594 | S10: =IF(S14="","",AVERAGE(S14:S960)) -> 0.23201439 | T10: =IF(T14="","",AVERAGE(T14:T960)) -> 149.86331 | U10: =IF(U14="","",AVERAGE(U14:U960)) -> 217.68885 | V10: =IF(V14="","",AVERAGE(V14:V960)) -> 367.78417 | W10: =IF(W14="","",AVERAGE(W14:W960)) -> 2.5050701 | X10: =IF(X14="","",AVERAGE(X14:X960)) -> 1723.0396 | Y10: =IF(Y14="","",AVERAGE(Y14:Y960)) -> 1605.6978 | Z10: =IF(Z14="","",AVERAGE(Z14:Z960)) -> 842.08633 | ... AI10: =IF(AI14="","",AVERAGE(AI14:AI960)) -> 0.35179735
A12: 월 일 | B12: 반 | C12: 로 | D12: Heat No | E12: 강 종 | F12: M1 | H12: M2 | J12: R | L12: 계 | N12: 원단위 | R12: 출강량 | S12: Lanma 산소 | X12: VLB 및 Burner 산소 | AC12: 산소계 | AE12: VLB 및 Burner 연료
F13: 시간 | G13: 전력 | H13: 시간 | I13: 전력 | J13: 시간 | K13: 전력 | L13: 시간 | M13: 전력 | N13: M1 | O13: M2 | P13: R | Q13: 계 | S13: M1 | T13: M2 | U13: R | V13: 계 | W13: 원단위 | X13: M1 | Y13: M2 | Z13: R | AA13: 계 | AB13: 원단위 | AC13: 사용량 | AD13: 원단위 | AE13: M1 | AF13: M2 | AG13: R | AH13: 계 | AI13: 원단위
A14: =IF('09월 조업일지'!#REF!="","",'09월 조업일지'!#REF!) -> #REF! | B14: ='09월 조업일지'!#REF! -> #REF! | C14: ='09월 조업일지'!#REF! -> #REF! | D14: ='09월 화학성분'!#REF! -> #REF! | E14: SS400-1 | F14: 21 | G14: 23400 | H14: 17 | I14: 20800 | J14: 10 | K14: 12500 | L14: =IF(ISBLANK(F14),"",SUM(F14,H14,J14)) -> 48 | M14: =IF(ISBLANK(G14),"",SUM(G14,I14,K14)) -> 56700 | N14: =IF(ISBLANK(G14),"",G14/R14) -> 160.05472 | O14: =IF(ISBLANK(I14),"",+I14/R14) -> 142.27086 | P14: =IF(ISBLANK(K14),"",K14/R14) -> 85.499316 | Q14: =IF(ISBLANK(K14),"",SUM(N14:P14)) -> 387.8249 | R14: 146.2 | S14: 0 | T14: 197 | U14: 133 | V14: =IF(SUM(S14:U14)=0,"",SUM(S14:U14)) -> 330 | W14: =IF(V14="","",V14/R14) -> 2.2571819 | X14: 1646 | Y14: 1615 | Z14: 945 | AA14: =IF(SUM(X14:Z14)=0,"",SUM(X14:Z14)) -> 4206 | AB14: =IF(AA14="","",AA14/R14) -> 28.76881 | AC14: =IF(SUM(V14,AA14)=0,"",SUM(V14,AA14)) -> 4536 | AD14: =IF(AC14="","",AC14/R14) -> 31.025992 | AE14: 26 | AF14: 23 | AG14: 0 | AH14: =IF(SUM(AE14:AG14)=0,"",SUM(AE14:AG14)) -> 49 | AI14: =IF(AH14="","",AH14/R14) -> 0.33515732
A15: =IF('09월 조업일지'!A12="","",'09월 조업일지'!A12) -> 46266 | B15: ='09월 조업일지'!E12 -> D | C15: ='09월 조업일지'!F12 -> B | D15: ='09월 화학성분'!C12 -> 85214 | E15: =IF(F15="","",E14) -> SS400-1 | F15: 21 | G15: 23600 | H15: 17 | I15: 20600 | J15: 9 | K15: 11300 | L15: =IF(ISBLANK(F15),"",SUM(F15,H15,J15)) -> 47 | M15: =IF(ISBLANK(G15),"",SUM(G15,I15,K15)) -> 55500 | N15: =IF(ISBLANK(G15),"",G15/R15) -> 162.87095 | O15: =IF(ISBLANK(I15),"",+I15/R15) -> 142.16701 | P15: =IF(ISBLANK(K15),"",K15/R15) -> 77.984817 | Q15: =IF(ISBLANK(K15),"",SUM(N15:P15)) -> 383.02277 | R15: 144.9 | S15: 0 | T15: 185 | U15: 150 | V15: =IF(SUM(S15:U15)=0,"",SUM(S15:U15)) -> 335 | W15: =IF(V15="","",V15/R15) -> 2.3119393 | X15: 1603 | Y15: 1578 | Z15: 1014 | AA15: =IF(SUM(X15:Z15)=0,"",SUM(X15:Z15)) -> 4195 | AB15: =IF(AA15="","",AA15/R15) -> 28.951001 | AC15: =IF(SUM(V15,AA15)=0,"",SUM(V15,AA15)) -> 4530 | AD15: =IF(AC15="","",AC15/R15) -> 31.26294 | AE15: 24 | AF15: 28 | AG15: 0 | AH15: =IF(SUM(AE15:AG15)=0,"",SUM(AE15:AG15)) -> 52 | AI15: =IF(AH15="","",AH15/R15) -> 0.35886818
A16: =IF('09월 조업일지'!A13="","",'09월 조업일지'!A13) -> 46266 | B16: ='09월 조업일지'!E13 -> D | C16: ='09월 조업일지'!F13 -> A | D16: ='09월 화학성분'!C13 -> 85215 | E16: =IF(F16="","",E15) -> SS400-1 | F16: 20 | G16: 23300 | H16: 16 | I16: 20400 | J16: 10 | K16: 12900 | L16: =IF(ISBLANK(F16),"",SUM(F16,H16,J16)) -> 46 | M16: =IF(ISBLANK(G16),"",SUM(G16,I16,K16)) -> 56600 | N16: =IF(ISBLANK(G16),"",G16/R16) -> 159.58904 | O16: =IF(ISBLANK(I16),"",+I16/R16) -> 139.72603 | P16: =IF(ISBLANK(K16),"",K16/R16) -> 88.356164 | Q16: =IF(ISBLANK(K16),"",SUM(N16:P16)) -> 387.67123 | R16: 146 | S16: 0 | T16: 207 | U16: 117 | V16: =IF(SUM(S16:U16)=0,"",SUM(S16:U16)) -> 324 | W16: =IF(V16="","",V16/R16) -> 2.2191781 | X16: 1654 | Y16: 1563 | Z16: 1119 | AA16: =IF(SUM(X16:Z16)=0,"",SUM(X16:Z16)) -> 4336 | AB16: =IF(AA16="","",AA16/R16) -> 29.69863 | AC16: =IF(SUM(V16,AA16)=0,"",SUM(V16,AA16)) -> 4660 | AD16: =IF(AC16="","",AC16/R16) -> 31.917808 | AE16: 25 | AF16: 23 | AG16: 0 | AH16: =IF(SUM(AE16:AG16)=0,"",SUM(AE16:AG16)) -> 48 | AI16: =IF(AH16="","",AH16/R16) -> 0.32876712
A17: =IF('09월 조업일지'!A14="","",'09월 조업일지'!A14) -> 46266 | B17: ='09월 조업일지'!E14 -> D | C17: ='09월 조업일지'!F14 -> B | D17: ='09월 화학성분'!C14 -> 85216 | E17: =IF(F17="","",E16) -> SS400-1 | F17: 21 | G17: 23300 | H17: 17 | I17: 20600 | J17: 8 | K17: 10300 | L17: =IF(ISBLANK(F17),"",SUM(F17,H17,J17)) -> 46 | M17: =IF(ISBLANK(G17),"",SUM(G17,I17,K17)) -> 54200 | N17: =IF(ISBLANK(G17),"",G17/R17) -> 159.37073 | O17: =IF(ISBLANK(I17),"",+I17/R17) -> 140.90287 | P17: =IF(ISBLANK(K17),"",K17/R17) -> 70.451436 | Q17: =IF(ISBLANK(K17),"",SUM(N17:P17)) -> 370.72503 | R17: 146.2 | S17: 0 | T17: 195 | U17: 145 | V17: =IF(SUM(S17:U17)=0,"",SUM(S17:U17)) -> 340 | W17: =IF(V17="","",V17/R17) -> 2.3255814 | X17: 1616 | Y17: 1591 | Z17: 739 | AA17: =IF(SUM(X17:Z17)=0,"",SUM(X17:Z17)) -> 3946 | AB17: =IF(AA17="","",AA17/R17) -> 26.990424 | AC17: =IF(SUM(V17,AA17)=0,"",SUM(V17,AA17)) -> 4286 | AD17: =IF(AC17="","",AC17/R17) -> 29.316005 | AE17: 26 | AF17: 30 | AG17: 0 | AH17: =IF(SUM(AE17:AG17)=0,"",SUM(AE17:AG17)) -> 56 | AI17: =IF(AH17="","",AH17/R17) -> 0.38303694
A18: =IF('09월 조업일지'!A15="","",'09월 조업일지'!A15) -> 46266 | B18: ='09월 조업일지'!E15 -> D | C18: ='09월 조업일지'!F15 -> A | D18: ='09월 화학성분'!C15 -> 85217 | E18: =IF(F18="","",E17) -> SS400-1 | F18: 19 | G18: 23400 | H18: 18 | I18: 20700 | J18: 9 | K18: 10700 | L18: =IF(ISBLANK(F18),"",SUM(F18,H18,J18)) -> 46 | M18: =IF(ISBLANK(G18),"",SUM(G18,I18,K18)) -> 54800 | N18: =IF(ISBLANK(G18),"",G18/R18) -> 160.71429 | O18: =IF(ISBLANK(I18),"",+I18/R18) -> 142.17033 | P18: =IF(ISBLANK(K18),"",K18/R18) -> 73.489011 | Q18: =IF(ISBLANK(K18),"",SUM(N18:P18)) -> 376.37363 | R18: 145.6 | S18: 0 | T18: 232 | U18: 148 | V18: =IF(SUM(S18:U18)=0,"",SUM(S18:U18)) -> 380 | W18: =IF(V18="","",V18/R18) -> 2.6098901 | X18: 1660 | Y18: 1581 | Z18: 1149 | AA18: =IF(SUM(X18:Z18)=0,"",SUM(X18:Z18)) -> 4390 | AB18: =IF(AA18="","",AA18/R18) -> 30.151099 | AC18: =IF(SUM(V18,AA18)=0,"",SUM(V18,AA18)) -> 4770 | AD18: =IF(AC18="","",AC18/R18) -> 32.760989 | AE18: 23 | AF18: 25 | AG18: 0 | AH18: =IF(SUM(AE18:AG18)=0,"",SUM(AE18:AG18)) -> 48 | AI18: =IF(AH18="","",AH18/R18) -> 0.32967033
A19: =IF('09월 조업일지'!A16="","",'09월 조업일지'!A16) -> 46266 | B19: ='09월 조업일지'!E16 -> A | C19: ='09월 조업일지'!F16 -> B | D19: ='09월 화학성분'!C16 -> 85218 | E19: =IF(F19="","",E18) -> SS400-1 | F19: 22 | G19: 23600 | H19: 17 | I19: 20600 | J19: 8 | K19: 9800 | L19: =IF(ISBLANK(F19),"",SUM(F19,H19,J19)) -> 47 | M19: =IF(ISBLANK(G19),"",SUM(G19,I19,K19)) -> 54000 | N19: =IF(ISBLANK(G19),"",G19/R19) -> 162.08791 | O19: =IF(ISBLANK(I19),"",+I19/R19) -> 141.48352 | P19: =IF(ISBLANK(K19),"",K19/R19) -> 67.307692 | Q19: =IF(ISBLANK(K19),"",SUM(N19:P19)) -> 370.87912 | R19: 145.6 | S19: 0 | T19: 149 | U19: 209 | V19: =IF(SUM(S19:U19)=0,"",SUM(S19:U19)) -> 358 | W19: =IF(V19="","",V19/R19) -> 2.4587912 | X19: 1767 | Y19: 1605 | Z19: 812 | AA19: =IF(SUM(X19:Z19)=0,"",SUM(X19:Z19)) -> 4184 | AB19: =IF(AA19="","",AA19/R19) -> 28.736264 | AC19: =IF(SUM(V19,AA19)=0,"",SUM(V19,AA19)) -> 4542 | AD19: =IF(AC19="","",AC19/R19) -> 31.195055 | AE19: 27 | AF19: 29 | AG19: 0 | AH19: =IF(SUM(AE19:AG19)=0,"",SUM(AE19:AG19)) -> 56 | AI19: =IF(AH19="","",AH19/R19) -> 0.38461538
A20: =IF('09월 조업일지'!A17="","",'09월 조업일지'!A17) -> 46266 | B20: ='09월 조업일지'!E17 -> A | C20: ='09월 조업일지'!F17 -> A | D20: ='09월 화학성분'!C17 -> 85219 | E20: =IF(F20="","",E19) -> SS400-1 | F20: 20 | G20: 23100 | H20: 16 | I20: 20500 | J20: 6 | K20: 7700 | L20: =IF(ISBLANK(F20),"",SUM(F20,H20,J20)) -> 42 | M20: =IF(ISBLANK(G20),"",SUM(G20,I20,K20)) -> 51300 | N20: =IF(ISBLANK(G20),"",G20/R20) -> 158.43621 | O20: =IF(ISBLANK(I20),"",+I20/R20) -> 140.60357 | P20: =IF(ISBLANK(K20),"",K20/R20) -> 52.812071 | Q20: =IF(ISBLANK(K20),"",SUM(N20:P20)) -> 351.85185 | R20: 145.8 | S20: 0 | T20: 187 | U20: 123 | V20: =IF(SUM(S20:U20)=0,"",SUM(S20:U20)) -> 310 | W20: =IF(V20="","",V20/R20) -> 2.1262003 | X20: 1718 | Y20: 1617 | Z20: 626 | AA20: =IF(SUM(X20:Z20)=0,"",SUM(X20:Z20)) -> 3961 | AB20: =IF(AA20="","",AA20/R20) -> 27.167353 | AC20: =IF(SUM(V20,AA20)=0,"",SUM(V20,AA20)) -> 4271 | AD20: =IF(AC20="","",AC20/R20) -> 29.293553 | AE20: 26 | AF20: 27 | AG20: 0 | AH20: =IF(SUM(AE20:AG20)=0,"",SUM(AE20:AG20)) -> 53 | AI20: =IF(AH20="","",AH20/R20) -> 0.36351166
A21: =IF('09월 조업일지'!A18="","",'09월 조업일지'!A18) -> 46266 | B21: ='09월 조업일지'!E18 -> A | C21: ='09월 조업일지'!F18 -> B | D21: ='09월 화학성분'!C18 -> 85220 | E21: S355JO-01 | F21: 20 | G21: 23600 | H21: 18 | I21: 20600 | J21: 8 | K21: 9600 | L21: =IF(ISBLANK(F21),"",SUM(F21,H21,J21)) -> 46 | M21: =IF(ISBLANK(G21),"",SUM(G21,I21,K21)) -> 53800 | N21: =IF(ISBLANK(G21),"",G21/R21) -> 164.91964 | O21: =IF(ISBLANK(I21),"",+I21/R21) -> 143.95528 | P21: =IF(ISBLANK(K21),"",K21/R21) -> 67.085954 | Q21: =IF(ISBLANK(K21),"",SUM(N21:P21)) -> 375.96087 | R21: 143.1 | S21: 0 | T21: 150 | U21: 190 | V21: =IF(SUM(S21:U21)=0,"",SUM(S21:U21)) -> 340 | W21: =IF(V21="","",V21/R21) -> 2.3759609 | X21: 1585 | Y21: 1711 | Z21: 860 | AA21: =IF(SUM(X21:Z21)=0,"",SUM(X21:Z21)) -> 4156 | AB21: =IF(AA21="","",AA21/R21) -> 29.042628 | AC21: =IF(SUM(V21,AA21)=0,"",SUM(V21,AA21)) -> 4496 | AD21: =IF(AC21="","",AC21/R21) -> 31.418588 | AE21: 21 | AF21: 30 | AG21: 0 | AH21: =IF(SUM(AE21:AG21)=0,"",SUM(AE21:AG21)) -> 51 | AI21: =IF(AH21="","",AH21/R21) -> 0.35639413
A22: =IF('09월 조업일지'!A19="","",'09월 조업일지'!A19) -> 46266 | B22: ='09월 조업일지'!E19 -> A | C22: ='09월 조업일지'!F19 -> A | D22: ='09월 화학성분'!C19 -> 85221 | E22: =IF(F22="","",E21) -> S355JO-01 | F22: 20 | G22: 23300 | H22: 18 | I22: 20500 | J22: 9 | K22: 11300 | L22: =IF(ISBLANK(F22),"",SUM(F22,H22,J22)) -> 47 | M22: =IF(ISBLANK(G22),"",SUM(G22,I22,K22)) -> 55100 | N22: =IF(ISBLANK(G22),"",G22/R22) -> 159.91764 | O22: =IF(ISBLANK(I22),"",+I22/R22) -> 140.70007 | P22: =IF(ISBLANK(K22),"",K22/R22) -> 77.556623 | Q22: =IF(ISBLANK(K22),"",SUM(N22:P22)) -> 378.17433 | R22: 145.7 | S22: 0 | T22: 133 | U22: 185 | V22: =IF(SUM(S22:U22)=0,"",SUM(S22:U22)) -> 318 | W22: =IF(V22="","",V22/R22) -> 2.1825669 | X22: 1665 | Y22: 1630 | Z22: 929 | AA22: =IF(SUM(X22:Z22)=0,"",SUM(X22:Z22)) -> 4224 | AB22: =IF(AA22="","",AA22/R22) -> 28.991078 | AC22: =IF(SUM(V22,AA22)=0,"",SUM(V22,AA22)) -> 4542 | AD22: =IF(AC22="","",AC22/R22) -> 31.173644 | AE22: 26 | AF22: 27 | AG22: 0 | AH22: =IF(SUM(AE22:AG22)=0,"",SUM(AE22:AG22)) -> 53 | AI22: =IF(AH22="","",AH22/R22) -> 0.36376115
A23: =IF('09월 조업일지'!A20="","",'09월 조업일지'!A20) -> 46266 | B23: ='09월 조업일지'!E20 -> A | C23: ='09월 조업일지'!F20 -> B | D23: ='09월 화학성분'!C20 -> 85222 | E23: =IF(F23="","",E22) -> S355JO-01 | F23: 20 | G23: 23700 | H23: 18 | I23: 20200 | J23: 9 | K23: 12400 | L23: =IF(ISBLANK(F23),"",SUM(F23,H23,J23)) -> 47 | M23: =IF(ISBLANK(G23),"",SUM(G23,I23,K23)) -> 56300 | N23: =IF(ISBLANK(G23),"",G23/R23) -> 164.81224 | O23: =IF(ISBLANK(I23),"",+I23/R23) -> 140.47288 | P23: =IF(ISBLANK(K23),"",K23/R23) -> 86.230876 | Q23: =IF(ISBLANK(K23),"",SUM(N23:P23)) -> 391.51599 | R23: 143.8 | S23: 0 | T23: 224 | U23: 180 | V23: =IF(SUM(S23:U23)=0,"",SUM(S23:U23)) -> 404 | W23: =IF(V23="","",V23/R23) -> 2.8094576 | X23: 1650 | Y23: 1574 | Z23: 1066 | AA23: =IF(SUM(X23:Z23)=0,"",SUM(X23:Z23)) -> 4290 | AB23: =IF(AA23="","",AA23/R23) -> 29.833102 | AC23: =IF(SUM(V23,AA23)=0,"",SUM(V23,AA23)) -> 4694 | AD23: =IF(AC23="","",AC23/R23) -> 32.642559 | AE23: 25 | AF23: 25 | AG23: 0 | AH23: =IF(SUM(AE23:AG23)=0,"",SUM(AE23:AG23)) -> 50 | AI23: =IF(AH23="","",AH23/R23) -> 0.34770515
A24: =IF('09월 조업일지'!A21="","",'09월 조업일지'!A21) -> 46266 | B24: ='09월 조업일지'!E21 -> A | C24: ='09월 조업일지'!F21 -> A | D24: ='09월 화학성분'!C21 -> 85223 | E24: =IF(F24="","",E23) -> S355JO-01 | F24: 19 | G24: 23500 | H24: 18 | I24: 20700 | J24: 7 | K24: 9800 | L24: =IF(ISBLANK(F24),"",SUM(F24,H24,J24)) -> 44 | M24: =IF(ISBLANK(G24),"",SUM(G24,I24,K24)) -> 54000 | N24: =IF(ISBLANK(G24),"",G24/R24) -> 158.99865 | O24: =IF(ISBLANK(I24),"",+I24/R24) -> 140.05413 | P24: =IF(ISBLANK(K24),"",K24/R24) -> 66.305819 | Q24: =IF(ISBLANK(K24),"",SUM(N24:P24)) -> 365.35859 | R24: 147.8 | S24: 0 | T24: 180 | U24: 148 | V24: =IF(SUM(S24:U24)=0,"",SUM(S24:U24)) -> 328 | W24: =IF(V24="","",V24/R24) -> 2.2192152 | X24: 1716 | Y24: 1620 | Z24: 798 | AA24: =IF(SUM(X24:Z24)=0,"",SUM(X24:Z24)) -> 4134 | AB24: =IF(AA24="","",AA24/R24) -> 27.97023 | AC24: =IF(SUM(V24,AA24)=0,"",SUM(V24,AA24)) -> 4462 | AD24: =IF(AC24="","",AC24/R24) -> 30.189445 | AE24: 23 | AF24: 25 | AG24: 0 | AH24: =IF(SUM(AE24:AG24)=0,"",SUM(AE24:AG24)) -> 48 | AI24: =IF(AH24="","",AH24/R24) -> 0.32476319
A25: =IF('09월 조업일지'!A22="","",'09월 조업일지'!A22) -> 46266 | B25: ='09월 조업일지'!E22 -> A | C25: ='09월 조업일지'!F22 -> B | D25: ='09월 화학성분'!C22 -> 85224 | E25: =IF(F25="","",E24) -> S355JO-01 | F25: 21 | G25: 23100 | H25: 18 | I25: 20400 | J25: 9 | K25: 12400 | L25: =IF(ISBLANK(F25),"",SUM(F25,H25,J25)) -> 48 | M25: =IF(ISBLANK(G25),"",SUM(G25,I25,K25)) -> 55900 | N25: =IF(ISBLANK(G25),"",G25/R25) -> 158.54496 | O25: =IF(ISBLANK(I25),"",+I25/R25) -> 140.01373 | P25: =IF(ISBLANK(K25),"",K25/R25) -> 85.106383 | Q25: =IF(ISBLANK(K25),"",SUM(N25:P25)) -> 383.66507 | R25: 145.7 | S25: 0 | T25: 104 | U25: 328 | V25: =IF(SUM(S25:U25)=0,"",SUM(S25:U25)) -> 432 | W25: =IF(V25="","",V25/R25) -> 2.9649966 | X25: 1661 | Y25: 1603 | Z25: 1260 | AA25: =IF(SUM(X25:Z25)=0,"",SUM(X25:Z25)) -> 4524 | AB25: =IF(AA25="","",AA25/R25) -> 31.050103 | AC25: =IF(SUM(V25,AA25)=0,"",SUM(V25,AA25)) -> 4956 | AD25: =IF(AC25="","",AC25/R25) -> 34.0151 | AE25: 23 | AF25: 30 | AG25: 0 | AH25: =IF(SUM(AE25:AG25)=0,"",SUM(AE25:AG25)) -> 53 | AI25: =IF(AH25="","",AH25/R25) -> 0.36376115
A26: =IF('09월 조업일지'!A23="","",'09월 조업일지'!A23) -> 46266 | B26: ='09월 조업일지'!E23 -> A | C26: ='09월 조업일지'!F23 -> A | D26: ='09월 화학성분'!C23 -> 85225 | E26: =IF(F26="","",E25) -> S355JO-01 | F26: 20 | G26: 23700 | H26: 17 | I26: 20700 | J26: 7 | K26: 8900 | L26: =IF(ISBLANK(F26),"",SUM(F26,H26,J26)) -> 44 | M26: =IF(ISBLANK(G26),"",SUM(G26,I26,K26)) -> 53300 | N26: =IF(ISBLANK(G26),"",G26/R26) -> 159.27419 | O26: =IF(ISBLANK(I26),"",+I26/R26) -> 139.1129 | P26: =IF(ISBLANK(K26),"",K26/R26) -> 59.811828 | Q26: =IF(ISBLANK(K26),"",SUM(N26:P26)) -> 358.19892 | R26: 148.8 | S26: 0 | T26: 146 | U26: 167 | V26: =IF(SUM(S26:U26)=0,"",SUM(S26:U26)) -> 313 | W26: =IF(V26="","",V26/R26) -> 2.1034946 | X26: 1715 | Y26: 1577 | Z26: 779 | AA26: =IF(SUM(X26:Z26)=0,"",SUM(X26:Z26)) -> 4071 | AB26: =IF(AA26="","",AA26/R26) -> 27.358871 | AC26: =IF(SUM(V26,AA26)=0,"",SUM(V26,AA26)) -> 4384 | AD26: =IF(AC26="","",AC26/R26) -> 29.462366 | AE26: 27 | AF26: 24 | AG26: 0 | AH26: =IF(SUM(AE26:AG26)=0,"",SUM(AE26:AG26)) -> 51 | AI26: =IF(AH26="","",AH26/R26) -> 0.34274194
A27: =IF('09월 조업일지'!A24="","",'09월 조업일지'!A24) -> 46266 | B27: ='09월 조업일지'!E24 -> A | C27: ='09월 조업일지'!F24 -> B | D27: ='09월 화학성분'!C24 -> 85226 | E27: =IF(F27="","",E26) -> S355JO-01 | F27: 20 | G27: 23200 | H27: 18 | I27: 20600 | J27: 8 | K27: 10800 | L27: =IF(ISBLANK(F27),"",SUM(F27,H27,J27)) -> 46 | M27: =IF(ISBLANK(G27),"",SUM(G27,I27,K27)) -> 54600 | N27: =IF(ISBLANK(G27),"",G27/R27) -> 158.36177 | O27: =IF(ISBLANK(I27),"",+I27/R27) -> 140.61433 | P27: =IF(ISBLANK(K27),"",K27/R27) -> 73.720137 | Q27: =IF(ISBLANK(K27),"",SUM(N27:P27)) -> 372.69625 | R27: 146.5 | S27: 0 | T27: 240 | U27: 84 | V27: =IF(SUM(S27:U27)=0,"",SUM(S27:U27)) -> 324 | W27: =IF(V27="","",V27/R27) -> 2.2116041 | X27: 1638 | Y27: 1599 | Z27: 1021 | AA27: =IF(SUM(X27:Z27)=0,"",SUM(X27:Z27)) -> 4258 | AB27: =IF(AA27="","",AA27/R27) -> 29.064846 | AC27: =IF(SUM(V27,AA27)=0,"",SUM(V27,AA27)) -> 4582 | AD27: =IF(AC27="","",AC27/R27) -> 31.276451 | AE27: 24 | AF27: 26 | AG27: 0 | AH27: =IF(SUM(AE27:AG27)=0,"",SUM(AE27:AG27)) -> 50 | AI27: =IF(AH27="","",AH27/R27) -> 0.34129693
A28: =IF('09월 조업일지'!A25="","",'09월 조업일지'!A25) -> 46266 | B28: ='09월 조업일지'!E25 -> A | C28: ='09월 조업일지'!F25 -> A | D28: ='09월 화학성분'!C25 -> 85227 | E28: =IF(F28="","",E27) -> S355JO-01 | F28: 21 | G28: 23600 | H28: 17 | I28: 20500 | J28: 7 | K28: 8700 | L28: =IF(ISBLANK(F28),"",SUM(F28,H28,J28)) -> 45 | M28: =IF(ISBLANK(G28),"",SUM(G28,I28,K28)) -> 52800 | N28: =IF(ISBLANK(G28),"",G28/R28) -> 165.15045 | O28: =IF(ISBLANK(I28),"",+I28/R28) -> 143.45696 | P28: =IF(ISBLANK(K28),"",K28/R28) -> 60.881735 | Q28: =IF(ISBLANK(K28),"",SUM(N28:P28)) -> 369.48915 | R28: 142.9 | S28: 0 | T28: 103 | U28: 249 | V28: =IF(SUM(S28:U28)=0,"",SUM(S28:U28)) -> 352 | W28: =IF(V28="","",V28/R28) -> 2.463261 | X28: 1746 | Y28: 1570 | Z28: 670 | AA28: =IF(SUM(X28:Z28)=0,"",SUM(X28:Z28)) -> 3986 | AB28: =IF(AA28="","",AA28/R28) -> 27.893632 | AC28: =IF(SUM(V28,AA28)=0,"",SUM(V28,AA28)) -> 4338 | AD28: =IF(AC28="","",AC28/R28) -> 30.356893 | AE28: 25 | AF28: 21 | AG28: 0 | AH28: =IF(SUM(AE28:AG28)=0,"",SUM(AE28:AG28)) -> 46 | AI28: =IF(AH28="","",AH28/R28) -> 0.32190343
A29: =IF('09월 조업일지'!A26="","",'09월 조업일지'!A26) -> 46266 | B29: ='09월 조업일지'!E26 -> C | C29: ='09월 조업일지'!F26 -> B | D29: ='09월 화학성분'!C26 -> 85228 | E29: =IF(F29="","",E28) -> S355JO-01 | F29: 20 | G29: 23600 | H29: 18 | I29: 20500 | J29: 8 | K29: 10000 | L29: =IF(ISBLANK(F29),"",SUM(F29,H29,J29)) -> 46 | M29: =IF(ISBLANK(G29),"",SUM(G29,I29,K29)) -> 54100 | N29: =IF(ISBLANK(G29),"",G29/R29) -> 159.35179 | O29: =IF(ISBLANK(I29),"",+I29/R29) -> 138.41999 | P29: =IF(ISBLANK(K29),"",K29/R29) -> 67.521945 | Q29: =IF(ISBLANK(K29),"",SUM(N29:P29)) -> 365.29372 | R29: 148.1 | S29: 0 | T29: 135 | U29: 215 | V29: =IF(SUM(S29:U29)=0,"",SUM(S29:U29)) -> 350 | W29: =IF(V29="","",V29/R29) -> 2.3632681 | X29: 1725 | Y29: 1595 | Z29: 704 | AA29: =IF(SUM(X29:Z29)=0,"",SUM(X29:Z29)) -> 4024 | AB29: =IF(AA29="","",AA29/R29) -> 27.170831 | AC29: =IF(SUM(V29,AA29)=0,"",SUM(V29,AA29)) -> 4374 | AD29: =IF(AC29="","",AC29/R29) -> 29.534099 | AE29: 25 | AF29: 26 | AG29: 0 | AH29: =IF(SUM(AE29:AG29)=0,"",SUM(AE29:AG29)) -> 51 | AI29: =IF(AH29="","",AH29/R29) -> 0.34436192
A30: =IF('09월 조업일지'!A27="","",'09월 조업일지'!A27) -> 46266 | B30: ='09월 조업일지'!E27 -> C | C30: ='09월 조업일지'!F27 -> A | D30: ='09월 화학성분'!C27 -> 85229 | E30: =IF(F30="","",E29) -> S355JO-01 | F30: 21 | G30: 24000 | H30: 18 | I30: 20600 | J30: 8 | K30: 9700 | L30: =IF(ISBLANK(F30),"",SUM(F30,H30,J30)) -> 47 | M30: =IF(ISBLANK(G30),"",SUM(G30,I30,K30)) -> 54300 | N30: =IF(ISBLANK(G30),"",G30/R30) -> 161.39879 | O30: =IF(ISBLANK(I30),"",+I30/R30) -> 138.53396 | P30: =IF(ISBLANK(K30),"",K30/R30) -> 65.232011 | Q30: =IF(ISBLANK(K30),"",SUM(N30:P30)) -> 365.16476 | R30: 148.7 | S30: 0 | T30: 168 | U30: 167 | V30: =IF(SUM(S30:U30)=0,"",SUM(S30:U30)) -> 335 | W30: =IF(V30="","",V30/R30) -> 2.2528581 | X30: 1806 | Y30: 1717 | Z30: 806 | AA30: =IF(SUM(X30:Z30)=0,"",SUM(X30:Z30)) -> 4329 | AB30: =IF(AA30="","",AA30/R30) -> 29.112307 | AC30: =IF(SUM(V30,AA30)=0,"",SUM(V30,AA30)) -> 4664 | AD30: =IF(AC30="","",AC30/R30) -> 31.365165 | AE30: 27 | AF30: 25 | AG30: 0 | AH30: =IF(SUM(AE30:AG30)=0,"",SUM(AE30:AG30)) -> 52 | AI30: =IF(AH30="","",AH30/R30) -> 0.34969738
A31: =IF('09월 조업일지'!A28="","",'09월 조업일지'!A28) -> 46266 | B31: ='09월 조업일지'!E28 -> C | C31: ='09월 조업일지'!F28 -> B | D31: ='09월 화학성분'!C28 -> 85230 | E31: =IF(F31="","",E30) -> S355JO-01 | F31: 20 | G31: 23800 | H31: 18 | I31: 20500 | J31: 7 | K31: 8800 | L31: =IF(ISBLANK(F31),"",SUM(F31,H31,J31)) -> 45 | M31: =IF(ISBLANK(G31),"",SUM(G31,I31,K31)) -> 53100 | N31: =IF(ISBLANK(G31),"",G31/R31) -> 162.23586 | O31: =IF(ISBLANK(I31),"",+I31/R31) -> 139.74097 | P31: =IF(ISBLANK(K31),"",K31/R31) -> 59.986367 | Q31: =IF(ISBLANK(K31),"",SUM(N31:P31)) -> 361.96319 | R31: 146.7 | S31: 0 | T31: 157 | U31: 224 | V31: =IF(SUM(S31:U31)=0,"",SUM(S31:U31)) -> 381 | W31: =IF(V31="","",V31/R31) -> 2.597137 | X31: 1639 | Y31: 1643 | Z31: 769 | AA31: =IF(SUM(X31:Z31)=0,"",SUM(X31:Z31)) -> 4051 | AB31: =IF(AA31="","",AA31/R31) -> 27.614179 | AC31: =IF(SUM(V31,AA31)=0,"",SUM(V31,AA31)) -> 4432 | AD31: =IF(AC31="","",AC31/R31) -> 30.211316 | AE31: 25 | AF31: 30 | AG31: 0 | AH31: =IF(SUM(AE31:AG31)=0,"",SUM(AE31:AG31)) -> 55 | AI31: =IF(AH31="","",AH31/R31) -> 0.37491479
A32: =IF('09월 조업일지'!A29="","",'09월 조업일지'!A29) -> 46266 | B32: ='09월 조업일지'!E29 -> C | C32: ='09월 조업일지'!F29 -> A | D32: ='09월 화학성분'!C29 -> 85231 | E32: =IF(F32="","",E31) -> S355JO-01 | F32: 20 | G32: 23500 | H32: 16 | I32: 20400 | J32: 8 | K32: 9400 | L32: =IF(ISBLANK(F32),"",SUM(F32,H32,J32)) -> 44 | M32: =IF(ISBLANK(G32),"",SUM(G32,I32,K32)) -> 53300 | N32: =IF(ISBLANK(G32),"",G32/R32) -> 156.87583 | O32: =IF(ISBLANK(I32),"",+I32/R32) -> 136.18158 | P32: =IF(ISBLANK(K32),"",K32/R32) -> 62.750334 | Q32: =IF(ISBLANK(K32),"",SUM(N32:P32)) -> 355.80774 | R32: 149.8 | S32: 0 | T32: 173 | U32: 332 | V32: =IF(SUM(S32:U32)=0,"",SUM(S32:U32)) -> 505 | W32: =IF(V32="","",V32/R32) -> 3.3711615 | X32: 1729 | Y32: 1636 | Z32: 884 | AA32: =IF(SUM(X32:Z32)=0,"",SUM(X32:Z32)) -> 4249 | AB32: =IF(AA32="","",AA32/R32) -> 28.364486 | AC32: =IF(SUM(V32,AA32)=0,"",SUM(V32,AA32)) -> 4754 | AD32: =IF(AC32="","",AC32/R32) -> 31.735648 | AE32: 26 | AF32: 24 | AG32: 0 | AH32: =IF(SUM(AE32:AG32)=0,"",SUM(AE32:AG32)) -> 50 | AI32: =IF(AH32="","",AH32/R32) -> 0.33377837
A33: =IF('09월 조업일지'!A30="","",'09월 조업일지'!A30) -> 46266 | B33: ='09월 조업일지'!E30 -> C | C33: ='09월 조업일지'!F30 -> B | D33: ='09월 화학성분'!C30 -> 85232 | E33: =IF(F33="","",E32) -> S355JO-01 | F33: 20 | G33: 23100 | H33: 16 | I33: 20300 | J33: 8 | K33: 9600 | L33: =IF(ISBLANK(F33),"",SUM(F33,H33,J33)) -> 44 | M33: =IF(ISBLANK(G33),"",SUM(G33,I33,K33)) -> 53000 | N33: =IF(ISBLANK(G33),"",G33/R33) -> 155.13768 | O33: =IF(ISBLANK(I33),"",+I33/R33) -> 136.33311 | P33: =IF(ISBLANK(K33),"",K33/R33) -> 64.472801 | Q33: =IF(ISBLANK(K33),"",SUM(N33:P33)) -> 355.94359 | R33: 148.9 | S33: 0 | T33: 176 | U33: 257 | V33: =IF(SUM(S33:U33)=0,"",SUM(S33:U33)) -> 433 | W33: =IF(V33="","",V33/R33) -> 2.9079919 | X33: 1672 | Y33: 1612 | Z33: 736 | AA33: =IF(SUM(X33:Z33)=0,"",SUM(X33:Z33)) -> 4020 | AB33: =IF(AA33="","",AA33/R33) -> 26.997985 | AC33: =IF(SUM(V33,AA33)=0,"",SUM(V33,AA33)) -> 4453 | AD33: =IF(AC33="","",AC33/R33) -> 29.905977 | AE33: 25 | AF33: 31 | AG33: 0 | AH33: =IF(SUM(AE33:AG33)=0,"",SUM(AE33:AG33)) -> 56 | AI33: =IF(AH33="","",AH33/R33) -> 0.37609134
A34: =IF('09월 조업일지'!A31="","",'09월 조업일지'!A31) -> 46266 | B34: ='09월 조업일지'!E31 -> C | C34: ='09월 조업일지'!F31 -> A | D34: ='09월 화학성분'!C31 -> 85233 | E34: SS400(ToMok) | F34: 19 | G34: 23200 | H34: 18 | I34: 20300 | J34: 7 | K34: 8200 | L34: =IF(ISBLANK(F34),"",SUM(F34,H34,J34)) -> 44 | M34: =IF(ISBLANK(G34),"",SUM(G34,I34,K34)) -> 51700 | N34: =IF(ISBLANK(G34),"",G34/R34) -> 154.76985 | O34: =IF(ISBLANK(I34),"",+I34/R34) -> 135.42362 | P34: =IF(ISBLANK(K34),"",K34/R34) -> 54.703135 | Q34: =IF(ISBLANK(K34),"",SUM(N34:P34)) -> 344.8966 | R34: 149.9 | S34: 0 | T34: 94 | U34: 389 | V34: =IF(SUM(S34:U34)=0,"",SUM(S34:U34)) -> 483 | W34: =IF(V34="","",V34/R34) -> 3.2221481 | X34: 1673 | Y34: 1538 | Z34: 900 | AA34: =IF(SUM(X34:Z34)=0,"",SUM(X34:Z34)) -> 4111 | AB34: =IF(AA34="","",AA34/R34) -> 27.42495 | AC34: =IF(SUM(V34,AA34)=0,"",SUM(V34,AA34)) -> 4594 | AD34: =IF(AC34="","",AC34/R34) -> 30.647098 | AE34: 26 | AF34: 14 | AG34: 0 | AH34: =IF(SUM(AE34:AG34)=0,"",SUM(AE34:AG34)) -> 40 | AI34: =IF(AH34="","",AH34/R34) -> 0.26684456
A35: =IF('09월 조업일지'!A32="","",'09월 조업일지'!A32) -> 46266 | B35: ='09월 조업일지'!E32 -> C | C35: ='09월 조업일지'!F32 -> B | D35: ='09월 화학성분'!C32 -> 85234 | E35: =IF(F35="","",E34) -> SS400(ToMok) | F35: 21 | G35: 23500 | H35: 18 | I35: 20800 | J35: 6 | K35: 6900 | L35: =IF(ISBLANK(F35),"",SUM(F35,H35,J35)) -> 45 | M35: =IF(ISBLANK(G35),"",SUM(G35,I35,K35)) -> 51200 | N35: =IF(ISBLANK(G35),"",G35/R35) -> 157.71812 | O35: =IF(ISBLANK(I35),"",+I35/R35) -> 139.59732 | P35: =IF(ISBLANK(K35),"",K35/R35) -> 46.308725 | Q35: =IF(ISBLANK(K35),"",SUM(N35:P35)) -> 343.62416 | R35: 149 | S35: 0 | T35: 200 | U35: 201 | V35: =IF(SUM(S35:U35)=0,"",SUM(S35:U35)) -> 401 | W35: =IF(V35="","",V35/R35) -> 2.6912752 | X35: 1639 | Y35: 1651 | Z35: 679 | AA35: =IF(SUM(X35:Z35)=0,"",SUM(X35:Z35)) -> 3969 | AB35: =IF(AA35="","",AA35/R35) -> 26.637584 | AC35: =IF(SUM(V35,AA35)=0,"",SUM(V35,AA35)) -> 4370 | AD35: =IF(AC35="","",AC35/R35) -> 29.328859 | AE35: 25 | AF35: 27 | AG35: 0 | AH35: =IF(SUM(AE35:AG35)=0,"",SUM(AE35:AG35)) -> 52 | AI35: =IF(AH35="","",AH35/R35) -> 0.34899329
A36: =IF('09월 조업일지'!A33="","",'09월 조업일지'!A33) -> 46266 | B36: ='09월 조업일지'!E33 -> C | C36: ='09월 조업일지'!F33 -> A | D36: ='09월 화학성분'!C33 -> 85235 | E36: =IF(F36="","",E35) -> SS400(ToMok) | F36: 20 | G36: 23900 | H36: 17 | I36: 20300 | J36: 7 | K36: 8300 | L36: =IF(ISBLANK(F36),"",SUM(F36,H36,J36)) -> 44 | M36: =IF(ISBLANK(G36),"",SUM(G36,I36,K36)) -> 52500 | N36: =IF(ISBLANK(G36),"",G36/R36) -> 161.59567 | O36: =IF(ISBLANK(I36),"",+I36/R36) -> 137.2549 | P36: =IF(ISBLANK(K36),"",K36/R36) -> 56.118999 | Q36: =IF(ISBLANK(K36),"",SUM(N36:P36)) -> 354.96957 | R36: 147.9 | S36: 0 | T36: 172 | U36: 216 | V36: =IF(SUM(S36:U36)=0,"",SUM(S36:U36)) -> 388 | W36: =IF(V36="","",V36/R36) -> 2.6233942 | X36: 1734 | Y36: 1624 | Z36: 706 | AA36: =IF(SUM(X36:Z36)=0,"",SUM(X36:Z36)) -> 4064 | AB36: =IF(AA36="","",AA36/R36) -> 27.478026 | AC36: =IF(SUM(V36,AA36)=0,"",SUM(V36,AA36)) -> 4452 | AD36: =IF(AC36="","",AC36/R36) -> 30.10142 | AE36: 25 | AF36: 27 | AG36: 0 | AH36: =IF(SUM(AE36:AG36)=0,"",SUM(AE36:AG36)) -> 52 | AI36: =IF(AH36="","",AH36/R36) -> 0.35158891
A37: =IF('09월 조업일지'!A34="","",'09월 조업일지'!A34) -> 46266 | B37: ='09월 조업일지'!E34 -> C | C37: ='09월 조업일지'!F34 -> B | D37: ='09월 화학성분'!C34 -> 85236 | E37: =IF(F37="","",E36) -> SS400(ToMok) | F37: 20 | G37: 23300 | H37: 16 | I37: 20400 | J37: 6 | K37: 7600 | L37: =IF(ISBLANK(F37),"",SUM(F37,H37,J37)) -> 42 | M37: =IF(ISBLANK(G37),"",SUM(G37,I37,K37)) -> 51300 | N37: =IF(ISBLANK(G37),"",G37/R37) -> 156.90236 | O37: =IF(ISBLANK(I37),"",+I37/R37) -> 137.37374 | P37: =IF(ISBLANK(K37),"",K37/R37) -> 51.178451 | Q37: =IF(ISBLANK(K37),"",SUM(N37:P37)) -> 345.45455 | R37: 148.5 | S37: 0 | T37: 81 | U37: 306 | V37: =IF(SUM(S37:U37)=0,"",SUM(S37:U37)) -> 387 | W37: =IF(V37="","",V37/R37) -> 2.6060606 | X37: 1676 | Y37: 1632 | Z37: 683 | AA37: =IF(SUM(X37:Z37)=0,"",SUM(X37:Z37)) -> 3991 | AB37: =IF(AA37="","",AA37/R37) -> 26.875421 | AC37: =IF(SUM(V37,AA37)=0,"",SUM(V37,AA37)) -> 4378 | AD37: =IF(AC37="","",AC37/R37) -> 29.481481 | AE37: 25 | AF37: 34 | AG37: 0 | AH37: =IF(SUM(AE37:AG37)=0,"",SUM(AE37:AG37)) -> 59 | AI37: =IF(AH37="","",AH37/R37) -> 0.3973064
A38: =IF('09월 조업일지'!A35="","",'09월 조업일지'!A35) -> 46266 | B38: ='09월 조업일지'!E35 -> C | C38: ='09월 조업일지'!F35 -> A | D38: ='09월 화학성분'!C35 -> 85237 | E38: =IF(F38="","",E37) -> SS400(ToMok) | F38: 21 | G38: 24500 | H38: 18 | I38: 20700 | J38: 7 | K38: 8100 | L38: =IF(ISBLANK(F38),"",SUM(F38,H38,J38)) -> 46 | M38: =IF(ISBLANK(G38),"",SUM(G38,I38,K38)) -> 53300 | N38: =IF(ISBLANK(G38),"",G38/R38) -> 165.98916 | O38: =IF(ISBLANK(I38),"",+I38/R38) -> 140.2439 | P38: =IF(ISBLANK(K38),"",K38/R38) -> 54.878049 | Q38: =IF(ISBLANK(K38),"",SUM(N38:P38)) -> 361.11111 | R38: 147.6 | S38: 0 | T38: 205 | U38: 201 | V38: =IF(SUM(S38:U38)=0,"",SUM(S38:U38)) -> 406 | W38: =IF(V38="","",V38/R38) -> 2.7506775 | X38: 1710 | Y38: 1644 | Z38: 709 | AA38: =IF(SUM(X38:Z38)=0,"",SUM(X38:Z38)) -> 4063 | AB38: =IF(AA38="","",AA38/R38) -> 27.5271 | AC38: =IF(SUM(V38,AA38)=0,"",SUM(V38,AA38)) -> 4469 | AD38: =IF(AC38="","",AC38/R38) -> 30.277778 | AE38: 25 | AF38: 26 | AG38: 0 | AH38: =IF(SUM(AE38:AG38)=0,"",SUM(AE38:AG38)) -> 51 | AI38: =IF(AH38="","",AH38/R38) -> 0.34552846
A39: =IF('09월 조업일지'!A36="","",'09월 조업일지'!A36) -> 46266 | B39: ='09월 조업일지'!E36 -> D | C39: ='09월 조업일지'!F36 -> B | D39: ='09월 화학성분'!C36 -> 85238 | E39: =IF(F39="","",E38) -> SS400(ToMok) | F39: 19 | G39: 23100 | H39: 19 | I39: 20500 | J39: 7 | K39: 9300 | L39: =IF(ISBLANK(F39),"",SUM(F39,H39,J39)) -> 45 | M39: =IF(ISBLANK(G39),"",SUM(G39,I39,K39)) -> 52900 | N39: =IF(ISBLANK(G39),"",G39/R39) -> 157.24983 | O39: =IF(ISBLANK(I39),"",+I39/R39) -> 139.55071 | P39: =IF(ISBLANK(K39),"",K39/R39) -> 63.308373 | Q39: =IF(ISBLANK(K39),"",SUM(N39:P39)) -> 360.10892 | R39: 146.9 | S39: 0 | T39: 199 | U39: 206 | V39: =IF(SUM(S39:U39)=0,"",SUM(S39:U39)) -> 405 | W39: =IF(V39="","",V39/R39) -> 2.7569775 | X39: 1620 | Y39: 1684 | Z39: 795 | AA39: =IF(SUM(X39:Z39)=0,"",SUM(X39:Z39)) -> 4099 | AB39: =IF(AA39="","",AA39/R39) -> 27.903336 | AC39: =IF(SUM(V39,AA39)=0,"",SUM(V39,AA39)) -> 4504 | AD39: =IF(AC39="","",AC39/R39) -> 30.660313 | AE39: 23 | AF39: 30 | AG39: 0 | AH39: =IF(SUM(AE39:AG39)=0,"",SUM(AE39:AG39)) -> 53 | AI39: =IF(AH39="","",AH39/R39) -> 0.36078965
A40: =IF('09월 조업일지'!A37="","",'09월 조업일지'!A37) -> 46266 | B40: ='09월 조업일지'!E37 -> D | C40: ='09월 조업일지'!F37 -> A | D40: ='09월 화학성분'!C37 -> 85239 | E40: =IF(F40="","",E39) -> SS400(ToMok) | F40: 20 | G40: 23100 | H40: 19 | I40: 20400 | J40: 6 | K40: 8700 | L40: =IF(ISBLANK(F40),"",SUM(F40,H40,J40)) -> 45 | M40: =IF(ISBLANK(G40),"",SUM(G40,I40,K40)) -> 52200 | N40: =IF(ISBLANK(G40),"",G40/R40) -> 155.76534 | O40: =IF(ISBLANK(I40),"",+I40/R40) -> 137.559 | P40: =IF(ISBLANK(K40),"",K40/R40) -> 58.664869 | Q40: =IF(ISBLANK(K40),"",SUM(N40:P40)) -> 351.98921 | R40: 148.3 | S40: 0 | T40: 205 | U40: 203 | V40: =IF(SUM(S40:U40)=0,"",SUM(S40:U40)) -> 408 | W40: =IF(V40="","",V40/R40) -> 2.75118 | X40: 1719 | Y40: 1640 | Z40: 717 | AA40: =IF(SUM(X40:Z40)=0,"",SUM(X40:Z40)) -> 4076 | AB40: =IF(AA40="","",AA40/R40) -> 27.484828 | AC40: =IF(SUM(V40,AA40)=0,"",SUM(V40,AA40)) -> 4484 | AD40: =IF(AC40="","",AC40/R40) -> 30.236008 | AE40: 26 | AF40: 28 | AG40: 0 | AH40: =IF(SUM(AE40:AG40)=0,"",SUM(AE40:AG40)) -> 54 | AI40: =IF(AH40="","",AH40/R40) -> 0.36412677
A41: =IF('09월 조업일지'!A38="","",'09월 조업일지'!A38) -> 46266 | B41: ='09월 조업일지'!E38 -> D | C41: ='09월 조업일지'!F38 -> B | D41: ='09월 화학성분'!C38 -> 85240 | E41: =IF(F41="","",E40) -> SS400(ToMok) | F41: 19 | G41: 23500 | H41: 18 | I41: 20600 | J41: 6 | K41: 7900 | L41: =IF(ISBLANK(F41),"",SUM(F41,H41,J41)) -> 43 | M41: =IF(ISBLANK(G41),"",SUM(G41,I41,K41)) -> 52000 | N41: =IF(ISBLANK(G41),"",G41/R41) -> 160.08174 | O41: =IF(ISBLANK(I41),"",+I41/R41) -> 140.32698 | P41: =IF(ISBLANK(K41),"",K41/R41) -> 53.814714 | Q41: =IF(ISBLANK(K41),"",SUM(N41:P41)) -> 354.22343 | R41: 146.8 | S41: 0 | T41: 202 | U41: 200 | V41: =IF(SUM(S41:U41)=0,"",SUM(S41:U41)) -> 402 | W41: =IF(V41="","",V41/R41) -> 2.7384196 | X41: 1680 | Y41: 1634 | Z41: 732 | AA41: =IF(SUM(X41:Z41)=0,"",SUM(X41:Z41)) -> 4046 | AB41: =IF(AA41="","",AA41/R41) -> 27.561308 | AC41: =IF(SUM(V41,AA41)=0,"",SUM(V41,AA41)) -> 4448 | AD41: =IF(AC41="","",AC41/R41) -> 30.299728 | AE41: 24 | AF41: 30 | AG41: 0 | AH41: =IF(SUM(AE41:AG41)=0,"",SUM(AE41:AG41)) -> 54 | AI41: =IF(AH41="","",AH41/R41) -> 0.36784741
A42: =IF('09월 조업일지'!A39="","",'09월 조업일지'!A39) -> 46266 | B42: ='09월 조업일지'!E39 -> D | C42: ='09월 조업일지'!F39 -> A | D42: ='09월 화학성분'!C39 -> 85241 | E42: =IF(F42="","",E41) -> SS400(ToMok) | F42: 20 | G42: 23500 | H42: 19 | I42: 20400 | J42: 7 | K42: 9200 | L42: =IF(ISBLANK(F42),"",SUM(F42,H42,J42)) -> 46 | M42: =IF(ISBLANK(G42),"",SUM(G42,I42,K42)) -> 53100 | N42: =IF(ISBLANK(G42),"",G42/R42) -> 158.5695 | O42: =IF(ISBLANK(I42),"",+I42/R42) -> 137.65182 | P42: =IF(ISBLANK(K42),"",K42/R42) -> 62.078273 | Q42: =IF(ISBLANK(K42),"",SUM(N42:P42)) -> 358.2996 | R42: 148.2 | S42: 0 | T42: 214 | U42: 242 | V42: =IF(SUM(S42:U42)=0,"",SUM(S42:U42)) -> 456 | W42: =IF(V42="","",V42/R42) -> 3.0769231 | X42: 1699 | Y42: 1700 | Z42: 797 | AA42: =IF(SUM(X42:Z42)=0,"",SUM(X42:Z42)) -> 4196 | AB42: =IF(AA42="","",AA42/R42) -> 28.31309 | AC42: =IF(SUM(V42,AA42)=0,"",SUM(V42,AA42)) -> 4652 | AD42: =IF(AC42="","",AC42/R42) -> 31.390013 | AE42: 26 | AF42: 30 | AG42: 0 | AH42: =IF(SUM(AE42:AG42)=0,"",SUM(AE42:AG42)) -> 56 | AI42: =IF(AH42="","",AH42/R42) -> 0.37786775
A43: =IF('09월 조업일지'!A40="","",'09월 조업일지'!A40) -> 46266 | B43: ='09월 조업일지'!E40 -> D | C43: ='09월 조업일지'!F40 -> B | D43: ='09월 화학성분'!C40 -> 85242 | E43: =IF(F43="","",E42) -> SS400(ToMok) | F43: 21 | G43: 23400 | H43: 18 | I43: 20500 | J43: 8 | K43: 9900 | L43: =IF(ISBLANK(F43),"",SUM(F43,H43,J43)) -> 47 | M43: =IF(ISBLANK(G43),"",SUM(G43,I43,K43)) -> 53800 | N43: =IF(ISBLANK(G43),"",G43/R43) -> 159.94532 | O43: =IF(ISBLANK(I43),"",+I43/R43) -> 140.12303 | P43: =IF(ISBLANK(K43),"",K43/R43) -> 67.669173 | Q43: =IF(ISBLANK(K43),"",SUM(N43:P43)) -> 367.73753 | R43: 146.3 | S43: 0 | T43: 207 | U43: 256 | V43: =IF(SUM(S43:U43)=0,"",SUM(S43:U43)) -> 463 | W43: =IF(V43="","",V43/R43) -> 3.16473 | X43: 1670 | Y43: 1655 | Z43: 764 | AA43: =IF(SUM(X43:Z43)=0,"",SUM(X43:Z43)) -> 4089 | AB43: =IF(AA43="","",AA43/R43) -> 27.949419 | AC43: =IF(SUM(V43,AA43)=0,"",SUM(V43,AA43)) -> 4552 | AD43: =IF(AC43="","",AC43/R43) -> 31.114149 | AE43: 22 | AF43: 28 | AG43: 0 | AH43: =IF(SUM(AE43:AG43)=0,"",SUM(AE43:AG43)) -> 50 | AI43: =IF(AH43="","",AH43/R43) -> 0.3417635
A44: =IF('09월 조업일지'!A41="","",'09월 조업일지'!A41) -> 46266 | B44: ='09월 조업일지'!E41 -> D | C44: ='09월 조업일지'!F41 -> A | D44: ='09월 화학성분'!C41 -> 85243 | E44: =IF(F44="","",E43) -> SS400(ToMok) | F44: 20 | G44: 23100 | H44: 17 | I44: 20300 | J44: 7 | K44: 8500 | L44: =IF(ISBLANK(F44),"",SUM(F44,H44,J44)) -> 44 | M44: =IF(ISBLANK(G44),"",SUM(G44,I44,K44)) -> 51900 | N44: =IF(ISBLANK(G44),"",G44/R44) -> 156.82281 | O44: =IF(ISBLANK(I44),"",+I44/R44) -> 137.81399 | P44: =IF(ISBLANK(K44),"",K44/R44) -> 57.705363 | Q44: =IF(ISBLANK(K44),"",SUM(N44:P44)) -> 352.34216 | R44: 147.3 | S44: 0 | T44: 179 | U44: 229 | V44: =IF(SUM(S44:U44)=0,"",SUM(S44:U44)) -> 408 | W44: =IF(V44="","",V44/R44) -> 2.7698574 | X44: 1712 | Y44: 1582 | Z44: 721 | AA44: =IF(SUM(X44:Z44)=0,"",SUM(X44:Z44)) -> 4015 | AB44: =IF(AA44="","",AA44/R44) -> 27.257298 | AC44: =IF(SUM(V44,AA44)=0,"",SUM(V44,AA44)) -> 4423 | AD44: =IF(AC44="","",AC44/R44) -> 30.027155 | AE44: 27 | AF44: 27 | AG44: 0 | AH44: =IF(SUM(AE44:AG44)=0,"",SUM(AE44:AG44)) -> 54 | AI44: =IF(AH44="","",AH44/R44) -> 0.36659878
A45: =IF('09월 조업일지'!A42="","",'09월 조업일지'!A42) -> 46267 | B45: ='09월 조업일지'!E42 -> D | C45: ='09월 조업일지'!F42 -> B | D45: ='09월 화학성분'!C42 -> 85244 | E45: =IF(F45="","",E44) -> SS400(ToMok) | F45: 20 | G45: 23400 | H45: 17 | I45: 20400 | J45: 6 | K45: 7800 | L45: =IF(ISBLANK(F45),"",SUM(F45,H45,J45)) -> 43 | M45: =IF(ISBLANK(G45),"",SUM(G45,I45,K45)) -> 51600 | N45: =IF(ISBLANK(G45),"",G45/R45) -> 158.21501 | O45: =IF(ISBLANK(I45),"",+I45/R45) -> 137.93103 | P45: =IF(ISBLANK(K45),"",K45/R45) -> 52.738337 | Q45: =IF(ISBLANK(K45),"",SUM(N45:P45)) -> 348.88438 | R45: 147.9 | S45: 0 | T45: 209 | U45: 196 | V45: =IF(SUM(S45:U45)=0,"",SUM(S45:U45)) -> 405 | W45: =IF(V45="","",V45/R45) -> 2.7383367 | X45: 1630 | Y45: 1621 | Z45: 662 | AA45: =IF(SUM(X45:Z45)=0,"",SUM(X45:Z45)) -> 3913 | AB45: =IF(AA45="","",AA45/R45) -> 26.457066 | AC45: =IF(SUM(V45,AA45)=0,"",SUM(V45,AA45)) -> 4318 | AD45: =IF(AC45="","",AC45/R45) -> 29.195402 | AE45: 23 | AF45: 29 | AG45: 0 | AH45: =IF(SUM(AE45:AG45)=0,"",SUM(AE45:AG45)) -> 52 | AI45: =IF(AH45="","",AH45/R45) -> 0.35158891
A46: =IF('09월 조업일지'!A43="","",'09월 조업일지'!A43) -> 46267 | B46: ='09월 조업일지'!E43 -> D | C46: ='09월 조업일지'!F43 -> A | D46: ='09월 화학성분'!C43 -> 85245 | E46: =IF(F46="","",E45) -> SS400(ToMok) | F46: 22 | G46: 23200 | H46: 16 | I46: 20700 | J46: 6 | K46: 6800 | L46: =IF(ISBLANK(F46),"",SUM(F46,H46,J46)) -> 44 | M46: =IF(ISBLANK(G46),"",SUM(G46,I46,K46)) -> 50700 | N46: =IF(ISBLANK(G46),"",G46/R46) -> 155.18395 | O46: =IF(ISBLANK(I46),"",+I46/R46) -> 138.46154 | P46: =IF(ISBLANK(K46),"",K46/R46) -> 45.48495 | Q46: =IF(ISBLANK(K46),"",SUM(N46:P46)) -> 339.13043 | R46: 149.5 | S46: 0 | T46: 200 | U46: 204 | V46: =IF(SUM(S46:U46)=0,"",SUM(S46:U46)) -> 404 | W46: =IF(V46="","",V46/R46) -> 2.7023411 | X46: 1787 | Y46: 1657 | Z46: 558 | AA46: =IF(SUM(X46:Z46)=0,"",SUM(X46:Z46)) -> 4002 | AB46: =IF(AA46="","",AA46/R46) -> 26.769231 | AC46: =IF(SUM(V46,AA46)=0,"",SUM(V46,AA46)) -> 4406 | AD46: =IF(AC46="","",AC46/R46) -> 29.471572 | AE46: 27 | AF46: 25 | AG46: 0 | AH46: =IF(SUM(AE46:AG46)=0,"",SUM(AE46:AG46)) -> 52 | AI46: =IF(AH46="","",AH46/R46) -> 0.34782609
... A88: =IF('09월 조업일지'!A85="","",'09월 조업일지'!A85) -> 46268 | B88: ='09월 조업일지'!E85 -> B | C88: ='09월 조업일지'!F85 -> B | D88: ='09월 화학성분'!C85 -> 85287 | E88: =IF(F88="","",E87) -> SS400(ToMok) | F88: 21 | G88: 23500 | H88: 19 | I88: 20200 | J88: 7 | K88: 9300 | L88: =IF(ISBLANK(F88),"",SUM(F88,H88,J88)) -> 47 | M88: =IF(ISBLANK(G88),"",SUM(G88,I88,K88)) -> 53000 | N88: =IF(ISBLANK(G88),"",G88/R88) -> 160.51913 | O88: =IF(ISBLANK(I88),"",+I88/R88) -> 137.97814 | P88: =IF(ISBLANK(K88),"",K88/R88) -> 63.52459 | Q88: =IF(ISBLANK(K88),"",SUM(N88:P88)) -> 362.02186 | R88: 146.4 | S88: 0 | T88: 148 | U88: 163 | V88: =IF(SUM(S88:U88)=0,"",SUM(S88:U88)) -> 311 | W88: =IF(V88="","",V88/R88) -> 2.1243169 | X88: 1718 | Y88: 1715 | Z88: 804 | AA88: =IF(SUM(X88:Z88)=0,"",SUM(X88:Z88)) -> 4237 | AB88: =IF(AA88="","",AA88/R88) -> 28.941257 | AC88: =IF(SUM(V88,AA88)=0,"",SUM(V88,AA88)) -> 4548 | AD88: =IF(AC88="","",AC88/R88) -> 31.065574 | AE88: 26 | AF88: 27 | AG88: 0 | AH88: =IF(SUM(AE88:AG88)=0,"",SUM(AE88:AG88)) -> 53 | AI88: =IF(AH88="","",AH88/R88) -> 0.36202186
A89: =IF('09월 조업일지'!A86="","",'09월 조업일지'!A86) -> 46268 | B89: ='09월 조업일지'!E86 -> B | C89: ='09월 조업일지'!F86 -> A | D89: ='09월 화학성분'!C86 -> 85288 | E89: SS400-02 | F89: 21 | G89: 23200 | H89: 17 | I89: 20600 | J89: 7 | K89: 8900 | L89: =IF(ISBLANK(F89),"",SUM(F89,H89,J89)) -> 45 | M89: =IF(ISBLANK(G89),"",SUM(G89,I89,K89)) -> 52700 | N89: =IF(ISBLANK(G89),"",G89/R89) -> 153.13531 | O89: =IF(ISBLANK(I89),"",+I89/R89) -> 135.9736 | P89: =IF(ISBLANK(K89),"",K89/R89) -> 58.745875 | Q89: =IF(ISBLANK(K89),"",SUM(N89:P89)) -> 347.85479 | R89: 151.5 | S89: 0 | T89: 168 | U89: 256 | V89: =IF(SUM(S89:U89)=0,"",SUM(S89:U89)) -> 424 | W89: =IF(V89="","",V89/R89) -> 2.7986799 | X89: 1694 | Y89: 1636 | Z89: 466 | AA89: =IF(SUM(X89:Z89)=0,"",SUM(X89:Z89)) -> 3796 | AB89: =IF(AA89="","",AA89/R89) -> 25.056106 | AC89: =IF(SUM(V89,AA89)=0,"",SUM(V89,AA89)) -> 4220 | AD89: =IF(AC89="","",AC89/R89) -> 27.854785 | AE89: 25 | AF89: 31 | AG89: 0 | AH89: =IF(SUM(AE89:AG89)=0,"",SUM(AE89:AG89)) -> 56 | AI89: =IF(AH89="","",AH89/R89) -> 0.36963696
A90: =IF('09월 조업일지'!A87="","",'09월 조업일지'!A87) -> 46268 | B90: ='09월 조업일지'!E87 -> C | C90: ='09월 조업일지'!F87 -> B | D90: ='09월 화학성분'!C87 -> 85289 | E90: =IF(F90="","",E89) -> SS400-02 | F90: 20 | G90: 23500 | H90: 18 | I90: 20500 | J90: 6 | K90: 7700 | L90: =IF(ISBLANK(F90),"",SUM(F90,H90,J90)) -> 44 | M90: =IF(ISBLANK(G90),"",SUM(G90,I90,K90)) -> 51700 | N90: =IF(ISBLANK(G90),"",G90/R90) -> 159.75527 | O90: =IF(ISBLANK(I90),"",+I90/R90) -> 139.36098 | P90: =IF(ISBLANK(K90),"",K90/R90) -> 52.345343 | Q90: =IF(ISBLANK(K90),"",SUM(N90:P90)) -> 351.46159 | R90: 147.1 | S90: 0 | T90: 180 | U90: 260 | V90: =IF(SUM(S90:U90)=0,"",SUM(S90:U90)) -> 440 | W90: =IF(V90="","",V90/R90) -> 2.9911625 | X90: 1775 | Y90: 1642 | Z90: 418 | AA90: =IF(SUM(X90:Z90)=0,"",SUM(X90:Z90)) -> 3835 | AB90: =IF(AA90="","",AA90/R90) -> 26.0707 | AC90: =IF(SUM(V90,AA90)=0,"",SUM(V90,AA90)) -> 4275 | AD90: =IF(AC90="","",AC90/R90) -> 29.061863 | AE90: 26 | AF90: 24 | AG90: 0 | AH90: =IF(SUM(AE90:AG90)=0,"",SUM(AE90:AG90)) -> 50 | AI90: =IF(AH90="","",AH90/R90) -> 0.33990483
A91: =IF('09월 조업일지'!A88="","",'09월 조업일지'!A88) -> 46268 | B91: ='09월 조업일지'!E88 -> C | C91: ='09월 조업일지'!F88 -> A | D91: ='09월 화학성분'!C88 -> 85290 | E91: =IF(F91="","",E90) -> SS400-02 | F91: 21 | G91: 23000 | H91: 18 | I91: 20600 | J91: 8 | K91: 10100 | L91: =IF(ISBLANK(F91),"",SUM(F91,H91,J91)) -> 47 | M91: =IF(ISBLANK(G91),"",SUM(G91,I91,K91)) -> 53700 | N91: =IF(ISBLANK(G91),"",G91/R91) -> 152.72244 | O91: =IF(ISBLANK(I91),"",+I91/R91) -> 136.78619 | P91: =IF(ISBLANK(K91),"",K91/R91) -> 67.065073 | Q91: =IF(ISBLANK(K91),"",SUM(N91:P91)) -> 356.57371 | R91: 150.6 | S91: 0 | T91: 134 | U91: 368 | V91: =IF(SUM(S91:U91)=0,"",SUM(S91:U91)) -> 502 | W91: =IF(V91="","",V91/R91) -> 3.3333333 | X91: 1658 | Y91: 1600 | Z91: 501 | AA91: =IF(SUM(X91:Z91)=0,"",SUM(X91:Z91)) -> 3759 | AB91: =IF(AA91="","",AA91/R91) -> 24.960159 | AC91: =IF(SUM(V91,AA91)=0,"",SUM(V91,AA91)) -> 4261 | AD91: =IF(AC91="","",AC91/R91) -> 28.293493 | AE91: 25 | AF91: 30 | AG91: 0 | AH91: =IF(SUM(AE91:AG91)=0,"",SUM(AE91:AG91)) -> 55 | AI91: =IF(AH91="","",AH91/R91) -> 0.36520584
A92: =IF('09월 조업일지'!A89="","",'09월 조업일지'!A89) -> 46268 | B92: ='09월 조업일지'!E89 -> C | C92: ='09월 조업일지'!F89 -> B | D92: ='09월 화학성분'!C89 -> 85291 | E92: =IF(F92="","",E91) -> SS400-02 | F92: 20 | G92: 23100 | H92: 16 | I92: 20500 | J92: 7 | K92: 9100 | L92: =IF(ISBLANK(F92),"",SUM(F92,H92,J92)) -> 43 | M92: =IF(ISBLANK(G92),"",SUM(G92,I92,K92)) -> 52700 | N92: =IF(ISBLANK(G92),"",G92/R92) -> 154.41176 | O92: =IF(ISBLANK(I92),"",+I92/R92) -> 137.03209 | P92: =IF(ISBLANK(K92),"",K92/R92) -> 60.828877 | Q92: =IF(ISBLANK(K92),"",SUM(N92:P92)) -> 352.27273 | R92: 149.6 | S92: 0 | T92: 207 | U92: 118 | V92: =IF(SUM(S92:U92)=0,"",SUM(S92:U92)) -> 325 | W92: =IF(V92="","",V92/R92) -> 2.1724599 | X92: 1709 | Y92: 1577 | Z92: 566 | AA92: =IF(SUM(X92:Z92)=0,"",SUM(X92:Z92)) -> 3852 | AB92: =IF(AA92="","",AA92/R92) -> 25.748663 | AC92: =IF(SUM(V92,AA92)=0,"",SUM(V92,AA92)) -> 4177 | AD92: =IF(AC92="","",AC92/R92) -> 27.921123 | AE92: 25 | AF92: 21 | AG92: 0 | AH92: =IF(SUM(AE92:AG92)=0,"",SUM(AE92:AG92)) -> 46 | AI92: =IF(AH92="","",AH92/R92) -> 0.30748663
A93: =IF('09월 조업일지'!A90="","",'09월 조업일지'!A90) -> 46268 | B93: ='09월 조업일지'!E90 -> C | C93: ='09월 조업일지'!F90 -> A | D93: ='09월 화학성분'!C90 -> 85292 | E93: =IF(F93="","",E92) -> SS400-02 | F93: 20 | G93: 23700 | H93: 16 | I93: 20600 | J93: 8 | K93: 10300 | L93: =IF(ISBLANK(F93),"",SUM(F93,H93,J93)) -> 44 | M93: =IF(ISBLANK(G93),"",SUM(G93,I93,K93)) -> 54600 | N93: =IF(ISBLANK(G93),"",G93/R93) -> 158.42246 | O93: =IF(ISBLANK(I93),"",+I93/R93) -> 137.70053 | P93: =IF(ISBLANK(K93),"",K93/R93) -> 68.850267 | Q93: =IF(ISBLANK(K93),"",SUM(N93:P93)) -> 364.97326 | R93: 149.6 | S93: 0 | T93: 127 | U93: 224 | V93: =IF(SUM(S93:U93)=0,"",SUM(S93:U93)) -> 351 | W93: =IF(V93="","",V93/R93) -> 2.3462567 | X93: 1678 | Y93: 1583 | Z93: 862 | AA93: =IF(SUM(X93:Z93)=0,"",SUM(X93:Z93)) -> 4123 | AB93: =IF(AA93="","",AA93/R93) -> 27.56016 | AC93: =IF(SUM(V93,AA93)=0,"",SUM(V93,AA93)) -> 4474 | AD93: =IF(AC93="","",AC93/R93) -> 29.906417 | AE93: 25 | AF93: 29 | AG93: 0 | AH93: =IF(SUM(AE93:AG93)=0,"",SUM(AE93:AG93)) -> 54 | AI93: =IF(AH93="","",AH93/R93) -> 0.36096257
A94: =IF('09월 조업일지'!A91="","",'09월 조업일지'!A91) -> 46268 | B94: ='09월 조업일지'!E91 -> C | C94: ='09월 조업일지'!F91 -> B | D94: ='09월 화학성분'!C91 -> 85293 | E94: =IF(F94="","",E93) -> SS400-02 | F94: 22 | G94: 23600 | H94: 17 | I94: 20400 | J94: 8 | K94: 10100 | L94: =IF(ISBLANK(F94),"",SUM(F94,H94,J94)) -> 47 | M94: =IF(ISBLANK(G94),"",SUM(G94,I94,K94)) -> 54100 | N94: =IF(ISBLANK(G94),"",G94/R94) -> 157.12383 | O94: =IF(ISBLANK(I94),"",+I94/R94) -> 135.81891 | P94: =IF(ISBLANK(K94),"",K94/R94) -> 67.243675 | Q94: =IF(ISBLANK(K94),"",SUM(N94:P94)) -> 360.18642 | R94: 150.2 | S94: 0 | T94: 198 | U94: 205 | V94: =IF(SUM(S94:U94)=0,"",SUM(S94:U94)) -> 403 | W94: =IF(V94="","",V94/R94) -> 2.6830892 | X94: 1873 | Y94: 1532 | Z94: 700 | AA94: =IF(SUM(X94:Z94)=0,"",SUM(X94:Z94)) -> 4105 | AB94: =IF(AA94="","",AA94/R94) -> 27.330226 | AC94: =IF(SUM(V94,AA94)=0,"",SUM(V94,AA94)) -> 4508 | AD94: =IF(AC94="","",AC94/R94) -> 30.013316 | AE94: 26 | AF94: 20 | AG94: 0 | AH94: =IF(SUM(AE94:AG94)=0,"",SUM(AE94:AG94)) -> 46 | AI94: =IF(AH94="","",AH94/R94) -> 0.30625832
A95: =IF('09월 조업일지'!A92="","",'09월 조업일지'!A92) -> 46268 | B95: ='09월 조업일지'!E92 -> C | C95: ='09월 조업일지'!F92 -> A | D95: ='09월 화학성분'!C92 -> 85294 | E95: =IF(F95="","",E94) -> SS400-02 | F95: 21 | G95: 23700 | H95: 18 | I95: 20300 | J95: 6 | K95: 8600 | L95: =IF(ISBLANK(F95),"",SUM(F95,H95,J95)) -> 45 | M95: =IF(ISBLANK(G95),"",SUM(G95,I95,K95)) -> 52600 | N95: =IF(ISBLANK(G95),"",G95/R95) -> 160.24341 | O95: =IF(ISBLANK(I95),"",+I95/R95) -> 137.2549 | P95: =IF(ISBLANK(K95),"",K95/R95) -> 58.147397 | Q95: =IF(ISBLANK(K95),"",SUM(N95:P95)) -> 355.64571 | R95: 147.9 | S95: 0 | T95: 124 | U95: 168 | V95: =IF(SUM(S95:U95)=0,"",SUM(S95:U95)) -> 292 | W95: =IF(V95="","",V95/R95) -> 1.974307 | X95: 1752 | Y95: 1627 | Z95: 623 | AA95: =IF(SUM(X95:Z95)=0,"",SUM(X95:Z95)) -> 4002 | AB95: =IF(AA95="","",AA95/R95) -> 27.058824 | AC95: =IF(SUM(V95,AA95)=0,"",SUM(V95,AA95)) -> 4294 | AD95: =IF(AC95="","",AC95/R95) -> 29.03313 | AE95: 25 | AF95: 28 | AG95: 0 | AH95: =IF(SUM(AE95:AG95)=0,"",SUM(AE95:AG95)) -> 53 | AI95: =IF(AH95="","",AH95/R95) -> 0.35835024
A96: =IF('09월 조업일지'!A93="","",'09월 조업일지'!A93) -> 46268 | B96: ='09월 조업일지'!E93 -> C | C96: ='09월 조업일지'!F93 -> B | D96: ='09월 화학성분'!C93 -> 85295 | E96: =IF(F96="","",E95) -> SS400-02 | F96: 20 | G96: 23200 | H96: 18 | I96: 20900 | J96: 5 | K96: 7000 | L96: =IF(ISBLANK(F96),"",SUM(F96,H96,J96)) -> 43 | M96: =IF(ISBLANK(G96),"",SUM(G96,I96,K96)) -> 51100 | N96: =IF(ISBLANK(G96),"",G96/R96) -> 158.36177 | O96: =IF(ISBLANK(I96),"",+I96/R96) -> 142.66212 | P96: =IF(ISBLANK(K96),"",K96/R96) -> 47.78157 | Q96: =IF(ISBLANK(K96),"",SUM(N96:P96)) -> 348.80546 | R96: 146.5 | S96: 0 | T96: 257 | U96: 1 | V96: =IF(SUM(S96:U96)=0,"",SUM(S96:U96)) -> 258 | W96: =IF(V96="","",V96/R96) -> 1.7610922 | X96: 1695 | Y96: 1790 | Z96: 436 | AA96: =IF(SUM(X96:Z96)=0,"",SUM(X96:Z96)) -> 3921 | AB96: =IF(AA96="","",AA96/R96) -> 26.764505 | AC96: =IF(SUM(V96,AA96)=0,"",SUM(V96,AA96)) -> 4179 | AD96: =IF(AC96="","",AC96/R96) -> 28.525597 | AE96: 26 | AF96: 25 | AG96: 0 | AH96: =IF(SUM(AE96:AG96)=0,"",SUM(AE96:AG96)) -> 51 | AI96: =IF(AH96="","",AH96/R96) -> 0.34812287
A97: =IF('09월 조업일지'!A94="","",'09월 조업일지'!A94) -> 46268 | B97: ='09월 조업일지'!E94 -> C | C97: ='09월 조업일지'!F94 -> A | D97: ='09월 화학성분'!C94 -> 85296 | E97: =IF(F97="","",E96) -> SS400-02 | F97: 21 | G97: 24600 | H97: 18 | I97: 20300 | J97: 6 | K97: 7400 | L97: =IF(ISBLANK(F97),"",SUM(F97,H97,J97)) -> 45 | M97: =IF(ISBLANK(G97),"",SUM(G97,I97,K97)) -> 52300 | N97: =IF(ISBLANK(G97),"",G97/R97) -> 164.54849 | O97: =IF(ISBLANK(I97),"",+I97/R97) -> 135.78595 | P97: =IF(ISBLANK(K97),"",K97/R97) -> 49.498328 | Q97: =IF(ISBLANK(K97),"",SUM(N97:P97)) -> 349.83278 | R97: 149.5 | S97: 0 | T97: 181 | U97: 164 | V97: =IF(SUM(S97:U97)=0,"",SUM(S97:U97)) -> 345 | W97: =IF(V97="","",V97/R97) -> 2.3076923 | X97: 1840 | Y97: 1593 | Z97: 658 | AA97: =IF(SUM(X97:Z97)=0,"",SUM(X97:Z97)) -> 4091 | AB97: =IF(AA97="","",AA97/R97) -> 27.364548 | AC97: =IF(SUM(V97,AA97)=0,"",SUM(V97,AA97)) -> 4436 | AD97: =IF(AC97="","",AC97/R97) -> 29.672241 | AE97: 26 | AF97: 22 | AG97: 0 | AH97: =IF(SUM(AE97:AG97)=0,"",SUM(AE97:AG97)) -> 48 | AI97: =IF(AH97="","",AH97/R97) -> 0.32107023
A98: =IF('09월 조업일지'!A95="","",'09월 조업일지'!A95) -> 46268 | B98: ='09월 조업일지'!E95 -> C | C98: ='09월 조업일지'!F95 -> B | D98: ='09월 화학성분'!C95 -> 85297 | E98: =IF(F98="","",E97) -> SS400-02 | F98: 22 | G98: 24900 | H98: 16 | I98: 20400 | J98: 7 | K98: 9200 | L98: =IF(ISBLANK(F98),"",SUM(F98,H98,J98)) -> 45 | M98: =IF(ISBLANK(G98),"",SUM(G98,I98,K98)) -> 54500 | N98: =IF(ISBLANK(G98),"",G98/R98) -> 167.67677 | O98: =IF(ISBLANK(I98),"",+I98/R98) -> 137.37374 | P98: =IF(ISBLANK(K98),"",K98/R98) -> 61.952862 | Q98: =IF(ISBLANK(K98),"",SUM(N98:P98)) -> 367.00337 | R98: 148.5 | S98: 0 | T98: 169 | U98: 168 | V98: =IF(SUM(S98:U98)=0,"",SUM(S98:U98)) -> 337 | W98: =IF(V98="","",V98/R98) -> 2.2693603 | X98: 1831 | Y98: 1564 | Z98: 825 | AA98: =IF(SUM(X98:Z98)=0,"",SUM(X98:Z98)) -> 4220 | AB98: =IF(AA98="","",AA98/R98) -> 28.417508 | AC98: =IF(SUM(V98,AA98)=0,"",SUM(V98,AA98)) -> 4557 | AD98: =IF(AC98="","",AC98/R98) -> 30.686869 | AE98: 26 | AF98: 25 | AG98: 0 | AH98: =IF(SUM(AE98:AG98)=0,"",SUM(AE98:AG98)) -> 51 | AI98: =IF(AH98="","",AH98/R98) -> 0.34343434
A99: =IF('09월 조업일지'!A96="","",'09월 조업일지'!A96) -> 46268 | B99: ='09월 조업일지'!E96 -> C | C99: ='09월 조업일지'!F96 -> A | D99: ='09월 화학성분'!C96 -> 85298 | E99: =IF(F99="","",E98) -> SS400-02 | F99: 20 | G99: 23500 | H99: 17 | I99: 20300 | J99: 9 | K99: 11300 | L99: =IF(ISBLANK(F99),"",SUM(F99,H99,J99)) -> 46 | M99: =IF(ISBLANK(G99),"",SUM(G99,I99,K99)) -> 55100 | N99: =IF(ISBLANK(G99),"",G99/R99) -> 158.89114 | O99: =IF(ISBLANK(I99),"",+I99/R99) -> 137.2549 | P99: =IF(ISBLANK(K99),"",K99/R99) -> 76.402975 | Q99: =IF(ISBLANK(K99),"",SUM(N99:P99)) -> 372.54902 | R99: 147.9 | S99: 0 | T99: 0 | U99: 343 | V99: =IF(SUM(S99:U99)=0,"",SUM(S99:U99)) -> 343 | W99: =IF(V99="","",V99/R99) -> 2.3191346 | X99: 1782 | Y99: 1578 | Z99: 908 | AA99: =IF(SUM(X99:Z99)=0,"",SUM(X99:Z99)) -> 4268 | AB99: =IF(AA99="","",AA99/R99) -> 28.857336 | AC99: =IF(SUM(V99,AA99)=0,"",SUM(V99,AA99)) -> 4611 | AD99: =IF(AC99="","",AC99/R99) -> 31.176471 | AE99: 23 | AF99: 26 | AG99: 0 | AH99: =IF(SUM(AE99:AG99)=0,"",SUM(AE99:AG99)) -> 49 | AI99: =IF(AH99="","",AH99/R99) -> 0.33130494
A100: =IF('09월 조업일지'!A97="","",'09월 조업일지'!A97) -> 46268 | B100: ='09월 조업일지'!E97 -> D | C100: ='09월 조업일지'!F97 -> B | D100: ='09월 화학성분'!C97 -> 85299 | E100: =IF(F100="","",E99) -> SS400-02 | F100: 20 | G100: 23500 | H100: 17 | I100: 20900 | J100: 9 | K100: 10700 | L100: =IF(ISBLANK(F100),"",SUM(F100,H100,J100)) -> 46 | M100: =IF(ISBLANK(G100),"",SUM(G100,I100,K100)) -> 55100 | N100: =IF(ISBLANK(G100),"",G100/R100) -> 158.99865 | O100: =IF(ISBLANK(I100),"",+I100/R100) -> 141.40731 | P100: =IF(ISBLANK(K100),"",K100/R100) -> 72.395129 | Q100: =IF(ISBLANK(K100),"",SUM(N100:P100)) -> 372.80108 | R100: 147.8 | S100: 0 | T100: 0 | U100: 314 | V100: =IF(SUM(S100:U100)=0,"",SUM(S100:U100)) -> 314 | W100: =IF(V100="","",V100/R100) -> 2.1244926 | X100: 1699 | Y100: 1620 | Z100: 800 | AA100: =IF(SUM(X100:Z100)=0,"",SUM(X100:Z100)) -> 4119 | AB100: =IF(AA100="","",AA100/R100) -> 27.868742 | AC100: =IF(SUM(V100,AA100)=0,"",SUM(V100,AA100)) -> 4433 | AD100: =IF(AC100="","",AC100/R100) -> 29.993234 | AE100: 26 | AF100: 21 | AG100: 0 | AH100: =IF(SUM(AE100:AG100)=0,"",SUM(AE100:AG100)) -> 47 | AI100: =IF(AH100="","",AH100/R100) -> 0.31799729
A101: =IF('09월 조업일지'!A98="","",'09월 조업일지'!A98) -> 46268 | B101: ='09월 조업일지'!E98 -> D | C101: ='09월 조업일지'!F98 -> A | D101: ='09월 화학성분'!C98 -> 85300 | E101: =IF(F101="","",E100) -> SS400-02 | F101: 21 | G101: 23300 | H101: 21 | I101: 20000 | J101: 27 | K101: 25700 | L101: =IF(ISBLANK(F101),"",SUM(F101,H101,J101)) -> 69 | M101: =IF(ISBLANK(G101),"",SUM(G101,I101,K101)) -> 69000 | N101: =IF(ISBLANK(G101),"",G101/R101) -> 161.80556 | O101: =IF(ISBLANK(I101),"",+I101/R101) -> 138.88889 | P101: =IF(ISBLANK(K101),"",K101/R101) -> 178.47222 | Q101: =IF(ISBLANK(K101),"",SUM(N101:P101)) -> 479.16667 | R101: 144 | S101: 0 | T101: 100 | U101: 741 | V101: =IF(SUM(S101:U101)=0,"",SUM(S101:U101)) -> 841 | W101: =IF(V101="","",V101/R101) -> 5.8402778 | X101: 1786 | Y101: 1754 | Z101: 1536 | AA101: =IF(SUM(X101:Z101)=0,"",SUM(X101:Z101)) -> 5076 | AB101: =IF(AA101="","",AA101/R101) -> 35.25 | AC101: =IF(SUM(V101,AA101)=0,"",SUM(V101,AA101)) -> 5917 | AD101: =IF(AC101="","",AC101/R101) -> 41.090278 | AE101: 26 | AF101: 37 | AG101: 14 | AH101: =IF(SUM(AE101:AG101)=0,"",SUM(AE101:AG101)) -> 77 | AI101: =IF(AH101="","",AH101/R101) -> 0.53472222
... A116: =IF('09월 조업일지'!A113="","",'09월 조업일지'!A113) -> 46269 | B116: ='09월 조업일지'!E113 -> C | C116: ='09월 조업일지'!F113 -> B | D116: ='09월 화학성분'!C113 -> 85315 | E116: =IF(F116="","",E115) -> SS400-02 | F116: 21 | G116: 24300 | H116: 19 | I116: 20600 | J116: 7 | K116: 8800 | L116: =IF(ISBLANK(F116),"",SUM(F116,H116,J116)) -> 47 | M116: =IF(ISBLANK(G116),"",SUM(G116,I116,K116)) -> 53700 | N116: =IF(ISBLANK(G116),"",G116/R116) -> 165.19375 | O116: =IF(ISBLANK(I116),"",+I116/R116) -> 140.04079 | P116: =IF(ISBLANK(K116),"",K116/R116) -> 59.823249 | Q116: =IF(ISBLANK(K116),"",SUM(N116:P116)) -> 365.05778 | R116: 147.1 | S116: 0 | T116: 197 | U116: 272 | V116: =IF(SUM(S116:U116)=0,"",SUM(S116:U116)) -> 469 | W116: =IF(V116="","",V116/R116) -> 3.1883073 | X116: 1741 | Y116: 1676 | Z116: 997 | AA116: =IF(SUM(X116:Z116)=0,"",SUM(X116:Z116)) -> 4414 | AB116: =IF(AA116="","",AA116/R116) -> 30.006798 | AC116: =IF(SUM(V116,AA116)=0,"",SUM(V116,AA116)) -> 4883 | AD116: =IF(AC116="","",AC116/R116) -> 33.195105 | AE116: 25 | AF116: 23 | AG116: 0 | AH116: =IF(SUM(AE116:AG116)=0,"",SUM(AE116:AG116)) -> 48 | AI116: =IF(AH116="","",AH116/R116) -> 0.32630863
A117: =IF('09월 조업일지'!A114="","",'09월 조업일지'!A114) -> 46269 | B117: ='09월 조업일지'!E114 -> C | C117: ='09월 조업일지'!F114 -> A | D117: ='09월 화학성분'!C114 -> 85316 | E117: SS400-01 | F117: 21 | G117: 24400 | H117: 16 | I117: 20500 | J117: 8 | K117: 10400 | L117: =IF(ISBLANK(F117),"",SUM(F117,H117,J117)) -> 45 | M117: =IF(ISBLANK(G117),"",SUM(G117,I117,K117)) -> 55300 | N117: =IF(ISBLANK(G117),"",G117/R117) -> 165.98639 | O117: =IF(ISBLANK(I117),"",+I117/R117) -> 139.45578 | P117: =IF(ISBLANK(K117),"",K117/R117) -> 70.748299 | Q117: =IF(ISBLANK(K117),"",SUM(N117:P117)) -> 376.19048 | R117: 147 | S117: 0 | T117: 172 | U117: 187 | V117: =IF(SUM(S117:U117)=0,"",SUM(S117:U117)) -> 359 | W117: =IF(V117="","",V117/R117) -> 2.4421769 | X117: 2281 | Y117: 1583 | Z117: 710 | AA117: =IF(SUM(X117:Z117)=0,"",SUM(X117:Z117)) -> 4574 | AB117: =IF(AA117="","",AA117/R117) -> 31.115646 | AC117: =IF(SUM(V117,AA117)=0,"",SUM(V117,AA117)) -> 4933 | AD117: =IF(AC117="","",AC117/R117) -> 33.557823 | AE117: 40 | AF117: 28 | AG117: 0 | AH117: =IF(SUM(AE117:AG117)=0,"",SUM(AE117:AG117)) -> 68 | AI117: =IF(AH117="","",AH117/R117) -> 0.46258503
A118: =IF('09월 조업일지'!A115="","",'09월 조업일지'!A115) -> 46269 | B118: ='09월 조업일지'!E115 -> A | C118: ='09월 조업일지'!F115 -> B | D118: ='09월 화학성분'!C115 -> 85317 | E118: =IF(F118="","",E117) -> SS400-01 | F118: 22 | G118: 23400 | H118: 18 | I118: 20400 | J118: 7 | K118: 9200 | L118: =IF(ISBLANK(F118),"",SUM(F118,H118,J118)) -> 47 | M118: =IF(ISBLANK(G118),"",SUM(G118,I118,K118)) -> 53000 | N118: =IF(ISBLANK(G118),"",G118/R118) -> 158.53659 | O118: =IF(ISBLANK(I118),"",+I118/R118) -> 138.21138 | P118: =IF(ISBLANK(K118),"",K118/R118) -> 62.330623 | Q118: =IF(ISBLANK(K118),"",SUM(N118:P118)) -> 359.07859 | R118: 147.6 | S118: 0 | T118: 157 | U118: 255 | V118: =IF(SUM(S118:U118)=0,"",SUM(S118:U118)) -> 412 | W118: =IF(V118="","",V118/R118) -> 2.7913279 | X118: 1735 | Y118: 1629 | Z118: 845 | AA118: =IF(SUM(X118:Z118)=0,"",SUM(X118:Z118)) -> 4209 | AB118: =IF(AA118="","",AA118/R118) -> 28.51626 | AC118: =IF(SUM(V118,AA118)=0,"",SUM(V118,AA118)) -> 4621 | AD118: =IF(AC118="","",AC118/R118) -> 31.307588 | AE118: 26 | AF118: 24 | AG118: 0 | AH118: =IF(SUM(AE118:AG118)=0,"",SUM(AE118:AG118)) -> 50 | AI118: =IF(AH118="","",AH118/R118) -> 0.33875339
A119: =IF('09월 조업일지'!A116="","",'09월 조업일지'!A116) -> 46269 | B119: ='09월 조업일지'!E116 -> A | C119: ='09월 조업일지'!F116 -> A | D119: ='09월 화학성분'!C116 -> 85318 | E119: =IF(F119="","",E118) -> SS400-01 | F119: 22 | G119: 23800 | H119: 17 | I119: 20500 | J119: 11 | K119: 12300 | L119: =IF(ISBLANK(F119),"",SUM(F119,H119,J119)) -> 50 | M119: =IF(ISBLANK(G119),"",SUM(G119,I119,K119)) -> 56600 | N119: =IF(ISBLANK(G119),"",G119/R119) -> 161.7947 | O119: =IF(ISBLANK(I119),"",+I119/R119) -> 139.36098 | P119: =IF(ISBLANK(K119),"",K119/R119) -> 83.616587 | Q119: =IF(ISBLANK(K119),"",SUM(N119:P119)) -> 384.77226 | R119: 147.1 | S119: 0 | T119: 192 | U119: 250 | V119: =IF(SUM(S119:U119)=0,"",SUM(S119:U119)) -> 442 | W119: =IF(V119="","",V119/R119) -> 3.0047587 | X119: 1804 | Y119: 1560 | Z119: 1049 | AA119: =IF(SUM(X119:Z119)=0,"",SUM(X119:Z119)) -> 4413 | AB119: =IF(AA119="","",AA119/R119) -> 30 | AC119: =IF(SUM(V119,AA119)=0,"",SUM(V119,AA119)) -> 4855 | AD119: =IF(AC119="","",AC119/R119) -> 33.004759 | AE119: 25 | AF119: 26 | AG119: 0 | AH119: =IF(SUM(AE119:AG119)=0,"",SUM(AE119:AG119)) -> 51 | AI119: =IF(AH119="","",AH119/R119) -> 0.34670292
A120: =IF('09월 조업일지'!A117="","",'09월 조업일지'!A117) -> 46269 | B120: ='09월 조업일지'!E117 -> A | C120: ='09월 조업일지'!F117 -> B | D120: ='09월 화학성분'!C117 -> 85319 | E120: =IF(F120="","",E119) -> SS400-01 | F120: 21 | G120: 23400 | H120: 18 | I120: 20400 | J120: 12 | K120: 13600 | L120: =IF(ISBLANK(F120),"",SUM(F120,H120,J120)) -> 51 | M120: =IF(ISBLANK(G120),"",SUM(G120,I120,K120)) -> 57400 | N120: =IF(ISBLANK(G120),"",G120/R120) -> 158.85947 | O120: =IF(ISBLANK(I120),"",+I120/R120) -> 138.49287 | P120: =IF(ISBLANK(K120),"",K120/R120) -> 92.328581 | Q120: =IF(ISBLANK(K120),"",SUM(N120:P120)) -> 389.68092 | R120: 147.3 | S120: 0 | T120: 176 | U120: 390 | V120: =IF(SUM(S120:U120)=0,"",SUM(S120:U120)) -> 566 | W120: =IF(V120="","",V120/R120) -> 3.8424983 | X120: 1744 | Y120: 1634 | Z120: 1383 | AA120: =IF(SUM(X120:Z120)=0,"",SUM(X120:Z120)) -> 4761 | AB120: =IF(AA120="","",AA120/R120) -> 32.321792 | AC120: =IF(SUM(V120,AA120)=0,"",SUM(V120,AA120)) -> 5327 | AD120: =IF(AC120="","",AC120/R120) -> 36.164291 | AE120: 26 | AF120: 24 | AG120: 0 | AH120: =IF(SUM(AE120:AG120)=0,"",SUM(AE120:AG120)) -> 50 | AI120: =IF(AH120="","",AH120/R120) -> 0.33944331
A121: =IF('09월 조업일지'!A118="","",'09월 조업일지'!A118) -> 46269 | B121: ='09월 조업일지'!E118 -> A | C121: ='09월 조업일지'!F118 -> A | D121: ='09월 화학성분'!C118 -> 85320 | E121: =IF(F121="","",E120) -> SS400-01 | F121: 23 | G121: 23500 | H121: 18 | I121: 20400 | J121: 6 | K121: 8500 | L121: =IF(ISBLANK(F121),"",SUM(F121,H121,J121)) -> 47 | M121: =IF(ISBLANK(G121),"",SUM(G121,I121,K121)) -> 52400 | N121: =IF(ISBLANK(G121),"",G121/R121) -> 161.73434 | O121: =IF(ISBLANK(I121),"",+I121/R121) -> 140.39917 | P121: =IF(ISBLANK(K121),"",K121/R121) -> 58.499656 | Q121: =IF(ISBLANK(K121),"",SUM(N121:P121)) -> 360.63317 | R121: 145.3 | S121: 0 | T121: 193 | U121: 139 | V121: =IF(SUM(S121:U121)=0,"",SUM(S121:U121)) -> 332 | W121: =IF(V121="","",V121/R121) -> 2.2849277 | X121: 1865 | Y121: 1606 | Z121: 718 | AA121: =IF(SUM(X121:Z121)=0,"",SUM(X121:Z121)) -> 4189 | AB121: =IF(AA121="","",AA121/R121) -> 28.830007 | AC121: =IF(SUM(V121,AA121)=0,"",SUM(V121,AA121)) -> 4521 | AD121: =IF(AC121="","",AC121/R121) -> 31.114935 | AE121: 25 | AF121: 30 | AG121: 0 | AH121: =IF(SUM(AE121:AG121)=0,"",SUM(AE121:AG121)) -> 55 | AI121: =IF(AH121="","",AH121/R121) -> 0.37852719
A122: =IF('09월 조업일지'!A119="","",'09월 조업일지'!A119) -> 46269 | B122: ='09월 조업일지'!E119 -> A | C122: ='09월 조업일지'!F119 -> B | D122: ='09월 화학성분'!C119 -> 85321 | E122: =IF(F122="","",E121) -> SS400-01 | F122: 22 | G122: 25500 | H122: 18 | I122: 20600 | J122: 6 | K122: 8000 | L122: =IF(ISBLANK(F122),"",SUM(F122,H122,J122)) -> 46 | M122: =IF(ISBLANK(G122),"",SUM(G122,I122,K122)) -> 54100 | N122: =IF(ISBLANK(G122),"",G122/R122) -> 172.76423 | O122: =IF(ISBLANK(I122),"",+I122/R122) -> 139.5664 | P122: =IF(ISBLANK(K122),"",K122/R122) -> 54.200542 | Q122: =IF(ISBLANK(K122),"",SUM(N122:P122)) -> 366.53117 | R122: 147.6 | S122: 0 | T122: 236 | U122: 222 | V122: =IF(SUM(S122:U122)=0,"",SUM(S122:U122)) -> 458 | W122: =IF(V122="","",V122/R122) -> 3.102981 | X122: 1871 | Y122: 1571 | Z122: 708 | AA122: =IF(SUM(X122:Z122)=0,"",SUM(X122:Z122)) -> 4150 | AB122: =IF(AA122="","",AA122/R122) -> 28.116531 | AC122: =IF(SUM(V122,AA122)=0,"",SUM(V122,AA122)) -> 4608 | AD122: =IF(AC122="","",AC122/R122) -> 31.219512 | AE122: 25 | AF122: 20 | AG122: 0 | AH122: =IF(SUM(AE122:AG122)=0,"",SUM(AE122:AG122)) -> 45 | AI122: =IF(AH122="","",AH122/R122) -> 0.30487805
A123: =IF('09월 조업일지'!A120="","",'09월 조업일지'!A120) -> 46269 | B123: ='09월 조업일지'!E120 -> A | C123: ='09월 조업일지'!F120 -> A | D123: ='09월 화학성분'!C120 -> 85322 | E123: =IF(F123="","",E122) -> SS400-01 | F123: 21 | G123: 23300 | H123: 17 | I123: 20600 | J123: 8 | K123: 9600 | L123: =IF(ISBLANK(F123),"",SUM(F123,H123,J123)) -> 46 | M123: =IF(ISBLANK(G123),"",SUM(G123,I123,K123)) -> 53500 | N123: =IF(ISBLANK(G123),"",G123/R123) -> 158.07327 | O123: =IF(ISBLANK(I123),"",+I123/R123) -> 139.75577 | P123: =IF(ISBLANK(K123),"",K123/R123) -> 65.128901 | Q123: =IF(ISBLANK(K123),"",SUM(N123:P123)) -> 362.95794 | R123: 147.4 | S123: 0 | T123: 96 | U123: 190 | V123: =IF(SUM(S123:U123)=0,"",SUM(S123:U123)) -> 286 | W123: =IF(V123="","",V123/R123) -> 1.9402985 | X123: 1700 | Y123: 1571 | Z123: 697 | AA123: =IF(SUM(X123:Z123)=0,"",SUM(X123:Z123)) -> 3968 | AB123: =IF(AA123="","",AA123/R123) -> 26.919946 | AC123: =IF(SUM(V123,AA123)=0,"",SUM(V123,AA123)) -> 4254 | AD123: =IF(AC123="","",AC123/R123) -> 28.860244 | AE123: 23 | AF123: 33 | AG123: 0 | AH123: =IF(SUM(AE123:AG123)=0,"",SUM(AE123:AG123)) -> 56 | AI123: =IF(AH123="","",AH123/R123) -> 0.37991859
A124: =IF('09월 조업일지'!A121="","",'09월 조업일지'!A121) -> 46269 | B124: ='09월 조업일지'!E121 -> A | C124: ='09월 조업일지'!F121 -> B | D124: ='09월 화학성분'!C121 -> 85323 | E124: =IF(F124="","",E123) -> SS400-01 | F124: 22 | G124: 23500 | H124: 17 | I124: 20600 | J124: 8 | K124: 9900 | L124: =IF(ISBLANK(F124),"",SUM(F124,H124,J124)) -> 47 | M124: =IF(ISBLANK(G124),"",SUM(G124,I124,K124)) -> 54000 | N124: =IF(ISBLANK(G124),"",G124/R124) -> 159.75527 | O124: =IF(ISBLANK(I124),"",+I124/R124) -> 140.04079 | P124: =IF(ISBLANK(K124),"",K124/R124) -> 67.301156 | Q124: =IF(ISBLANK(K124),"",SUM(N124:P124)) -> 367.09721 | R124: 147.1 | S124: 0 | T124: 127 | U124: 290 | V124: =IF(SUM(S124:U124)=0,"",SUM(S124:U124)) -> 417 | W124: =IF(V124="","",V124/R124) -> 2.8348063 | X124: 1770 | Y124: 1626 | Z124: 713 | AA124: =IF(SUM(X124:Z124)=0,"",SUM(X124:Z124)) -> 4109 | AB124: =IF(AA124="","",AA124/R124) -> 27.933379 | AC124: =IF(SUM(V124,AA124)=0,"",SUM(V124,AA124)) -> 4526 | AD124: =IF(AC124="","",AC124/R124) -> 30.768185 | AE124: 26 | AF124: 25 | AG124: 0 | AH124: =IF(SUM(AE124:AG124)=0,"",SUM(AE124:AG124)) -> 51 | AI124: =IF(AH124="","",AH124/R124) -> 0.34670292
A125: =IF('09월 조업일지'!A122="","",'09월 조업일지'!A122) -> 46270 | B125: ='09월 조업일지'!E122 -> A | C125: ='09월 조업일지'!F122 -> A | D125: ='09월 화학성분'!C122 -> 85324 | E125: =IF(F125="","",E124) -> SS400-01 | F125: 21 | G125: 23400 | H125: 17 | I125: 20500 | J125: 7 | K125: 9700 | L125: =IF(ISBLANK(F125),"",SUM(F125,H125,J125)) -> 45 | M125: =IF(ISBLANK(G125),"",SUM(G125,I125,K125)) -> 53600 | N125: =IF(ISBLANK(G125),"",G125/R125) -> 159.83607 | O125: =IF(ISBLANK(I125),"",+I125/R125) -> 140.02732 | P125: =IF(ISBLANK(K125),"",K125/R125) -> 66.256831 | Q125: =IF(ISBLANK(K125),"",SUM(N125:P125)) -> 366.12022 | R125: 146.4 | S125: 0 | T125: 215 | U125: 210 | V125: =IF(SUM(S125:U125)=0,"",SUM(S125:U125)) -> 425 | W125: =IF(V125="","",V125/R125) -> 2.9030055 | X125: 1722 | Y125: 1581 | Z125: 1122 | AA125: =IF(SUM(X125:Z125)=0,"",SUM(X125:Z125)) -> 4425 | AB125: =IF(AA125="","",AA125/R125) -> 30.22541 | AC125: =IF(SUM(V125,AA125)=0,"",SUM(V125,AA125)) -> 4850 | AD125: =IF(AC125="","",AC125/R125) -> 33.128415 | AE125: 24 | AF125: 28 | AG125: 0 | AH125: =IF(SUM(AE125:AG125)=0,"",SUM(AE125:AG125)) -> 52 | AI125: =IF(AH125="","",AH125/R125) -> 0.35519126
A126: =IF('09월 조업일지'!A123="","",'09월 조업일지'!A123) -> 46270 | B126: ='09월 조업일지'!E123 -> A | C126: ='09월 조업일지'!F123 -> B | D126: ='09월 화학성분'!C123 -> 85325 | E126: =IF(F126="","",E125) -> SS400-01 | F126: 20 | G126: 23100 | H126: 17 | I126: 20600 | J126: 10 | K126: 12400 | L126: =IF(ISBLANK(F126),"",SUM(F126,H126,J126)) -> 47 | M126: =IF(ISBLANK(G126),"",SUM(G126,I126,K126)) -> 56100 | N126: =IF(ISBLANK(G126),"",G126/R126) -> 156.08108 | O126: =IF(ISBLANK(I126),"",+I126/R126) -> 139.18919 | P126: =IF(ISBLANK(K126),"",K126/R126) -> 83.783784 | Q126: =IF(ISBLANK(K126),"",SUM(N126:P126)) -> 379.05405 | R126: 148 | S126: 0 | T126: 118 | U126: 255 | V126: =IF(SUM(S126:U126)=0,"",SUM(S126:U126)) -> 373 | W126: =IF(V126="","",V126/R126) -> 2.5202703 | X126: 1691 | Y126: 1581 | Z126: 1266 | AA126: =IF(SUM(X126:Z126)=0,"",SUM(X126:Z126)) -> 4538 | AB126: =IF(AA126="","",AA126/R126) -> 30.662162 | AC126: =IF(SUM(V126,AA126)=0,"",SUM(V126,AA126)) -> 4911 | AD126: =IF(AC126="","",AC126/R126) -> 33.182432 | AE126: 24 | AF126: 22 | AG126: 0 | AH126: =IF(SUM(AE126:AG126)=0,"",SUM(AE126:AG126)) -> 46 | AI126: =IF(AH126="","",AH126/R126) -> 0.31081081
A127: =IF('09월 조업일지'!A124="","",'09월 조업일지'!A124) -> 46270 | B127: ='09월 조업일지'!E124 -> A | C127: ='09월 조업일지'!F124 -> A | D127: ='09월 화학성분'!C124 -> 85326 | E127: =IF(F127="","",E126) -> SS400-01 | F127: 21 | G127: 24800 | H127: 17 | I127: 20400 | J127: 8 | K127: 9800 | L127: =IF(ISBLANK(F127),"",SUM(F127,H127,J127)) -> 46 | M127: =IF(ISBLANK(G127),"",SUM(G127,I127,K127)) -> 55000 | N127: =IF(ISBLANK(G127),"",G127/R127) -> 172.8223 | O127: =IF(ISBLANK(I127),"",+I127/R127) -> 142.16028 | P127: =IF(ISBLANK(K127),"",K127/R127) -> 68.292683 | Q127: =IF(ISBLANK(K127),"",SUM(N127:P127)) -> 383.27526 | R127: 143.5 | S127: 0 | T127: 116 | U127: 285 | V127: =IF(SUM(S127:U127)=0,"",SUM(S127:U127)) -> 401 | W127: =IF(V127="","",V127/R127) -> 2.7944251 | X127: 1725 | Y127: 1572 | Z127: 979 | AA127: =IF(SUM(X127:Z127)=0,"",SUM(X127:Z127)) -> 4276 | AB127: =IF(AA127="","",AA127/R127) -> 29.797909 | AC127: =IF(SUM(V127,AA127)=0,"",SUM(V127,AA127)) -> 4677 | AD127: =IF(AC127="","",AC127/R127) -> 32.592334 | AE127: 25 | AF127: 29 | AG127: 0 | AH127: =IF(SUM(AE127:AG127)=0,"",SUM(AE127:AG127)) -> 54 | AI127: =IF(AH127="","",AH127/R127) -> 0.37630662
A128: =IF('09월 조업일지'!A125="","",'09월 조업일지'!A125) -> 46270 | B128: ='09월 조업일지'!E125 -> A | C128: ='09월 조업일지'!F125 -> B | D128: ='09월 화학성분'!C125 -> 85327 | E128: =IF(F128="","",E127) -> SS400-01 | F128: 21 | G128: 23700 | H128: 19 | I128: 20400 | J128: 6 | K128: 7600 | L128: =IF(ISBLANK(F128),"",SUM(F128,H128,J128)) -> 46 | M128: =IF(ISBLANK(G128),"",SUM(G128,I128,K128)) -> 51700 | N128: =IF(ISBLANK(G128),"",G128/R128) -> 161.00543 | O128: =IF(ISBLANK(I128),"",+I128/R128) -> 138.58696 | P128: =IF(ISBLANK(K128),"",K128/R128) -> 51.630435 | Q128: =IF(ISBLANK(K128),"",SUM(N128:P128)) -> 351.22283 | R128: 147.2 | S128: 0 | T128: 206 | U128: 135 | V128: =IF(SUM(S128:U128)=0,"",SUM(S128:U128)) -> 341 | W128: =IF(V128="","",V128/R128) -> 2.3165761 | X128: 1748 | Y128: 1595 | Z128: 520 | AA128: =IF(SUM(X128:Z128)=0,"",SUM(X128:Z128)) -> 3863 | AB128: =IF(AA128="","",AA128/R128) -> 26.243207 | AC128: =IF(SUM(V128,AA128)=0,"",SUM(V128,AA128)) -> 4204 | AD128: =IF(AC128="","",AC128/R128) -> 28.559783 | AE128: 26 | AF128: 24 | AG128: 0 | AH128: =IF(SUM(AE128:AG128)=0,"",SUM(AE128:AG128)) -> 50 | AI128: =IF(AH128="","",AH128/R128) -> 0.33967391
A129: =IF('09월 조업일지'!A126="","",'09월 조업일지'!A126) -> 46270 | B129: ='09월 조업일지'!E126 -> B | C129: ='09월 조업일지'!F126 -> A | D129: ='09월 화학성분'!C126 -> 85328 | E129: =IF(F129="","",E128) -> SS400-01 | F129: 20 | G129: 23100 | H129: 17 | I129: 20300 | J129: 8 | K129: 11000 | L129: =IF(ISBLANK(F129),"",SUM(F129,H129,J129)) -> 45 | M129: =IF(ISBLANK(G129),"",SUM(G129,I129,K129)) -> 54400 | N129: =IF(ISBLANK(G129),"",G129/R129) -> 156.29229 | O129: =IF(ISBLANK(I129),"",+I129/R129) -> 137.34777 | P129: =IF(ISBLANK(K129),"",K129/R129) -> 74.424899 | Q129: =IF(ISBLANK(K129),"",SUM(N129:P129)) -> 368.06495 | R129: 147.8 | S129: 0 | T129: 185 | U129: 156 | V129: =IF(SUM(S129:U129)=0,"",SUM(S129:U129)) -> 341 | W129: =IF(V129="","",V129/R129) -> 2.3071719 | X129: 1582 | Y129: 1479 | Z129: 814 | AA129: =IF(SUM(X129:Z129)=0,"",SUM(X129:Z129)) -> 3875 | AB129: =IF(AA129="","",AA129/R129) -> 26.217862 | AC129: =IF(SUM(V129,AA129)=0,"",SUM(V129,AA129)) -> 4216 | AD129: =IF(AC129="","",AC129/R129) -> 28.525034 | AE129: 22 | AF129: 13 | AG129: 0 | AH129: =IF(SUM(AE129:AG129)=0,"",SUM(AE129:AG129)) -> 35 | AI129: =IF(AH129="","",AH129/R129) -> 0.2368065
... A168: =IF('09월 조업일지'!A165="","",'09월 조업일지'!A165) -> 46271 | B168: ='09월 조업일지'!E165 -> B | C168: ='09월 조업일지'!F165 -> B | D168: ='09월 화학성분'!C165 -> 85367 | E168: =IF(F168="","",E167) -> SS400-01 | F168: 27 | G168: 28900 | H168: 0 | I168: 0 | J168: 8 | K168: 23500 | L168: =IF(ISBLANK(F168),"",SUM(F168,H168,J168)) -> 35 | M168: =IF(ISBLANK(G168),"",SUM(G168,I168,K168)) -> 52400 | N168: =IF(ISBLANK(G168),"",G168/R168) -> 243.47094 | O168: =IF(ISBLANK(I168),"",+I168/R168) -> 0 | P168: =IF(ISBLANK(K168),"",K168/R168) -> 197.9781 | Q168: =IF(ISBLANK(K168),"",SUM(N168:P168)) -> 441.44903 | R168: 118.7 | S168: 0 | T168: 0 | U168: 526 | V168: =IF(SUM(S168:U168)=0,"",SUM(S168:U168)) -> 526 | W168: =IF(V168="","",V168/R168) -> 4.4313395 | X168: 2309 | Y168: 0 | Z168: 2028 | AA168: =IF(SUM(X168:Z168)=0,"",SUM(X168:Z168)) -> 4337 | AB168: =IF(AA168="","",AA168/R168) -> 36.537489 | AC168: =IF(SUM(V168,AA168)=0,"",SUM(V168,AA168)) -> 4863 | AD168: =IF(AC168="","",AC168/R168) -> 40.968829 | AE168: 30 | AF168: 0 | AG168: 0 | AH168: =IF(SUM(AE168:AG168)=0,"",SUM(AE168:AG168)) -> 30 | AI168: =IF(AH168="","",AH168/R168) -> 0.25273799
A169: =IF('09월 조업일지'!A166="","",'09월 조업일지'!A166) -> 46271 | B169: ='09월 조업일지'!E166 -> B | C169: ='09월 조업일지'!F166 -> A | D169: ='09월 화학성분'!C166 -> 85368 | E169: SS400-05 | F169: 29 | G169: 27800 | H169: 16 | I169: 20600 | J169: 12 | K169: 15500 | L169: =IF(ISBLANK(F169),"",SUM(F169,H169,J169)) -> 57 | M169: =IF(ISBLANK(G169),"",SUM(G169,I169,K169)) -> 63900 | N169: =IF(ISBLANK(G169),"",G169/R169) -> 201.01229 | O169: =IF(ISBLANK(I169),"",+I169/R169) -> 148.95155 | P169: =IF(ISBLANK(K169),"",K169/R169) -> 112.0752 | Q169: =IF(ISBLANK(K169),"",SUM(N169:P169)) -> 462.03905 | R169: 138.3 | S169: 0 | T169: 217 | U169: 41 | V169: =IF(SUM(S169:U169)=0,"",SUM(S169:U169)) -> 258 | W169: =IF(V169="","",V169/R169) -> 1.8655098 | X169: 1924 | Y169: 1630 | Z169: 1184 | AA169: =IF(SUM(X169:Z169)=0,"",SUM(X169:Z169)) -> 4738 | AB169: =IF(AA169="","",AA169/R169) -> 34.258858 | AC169: =IF(SUM(V169,AA169)=0,"",SUM(V169,AA169)) -> 4996 | AD169: =IF(AC169="","",AC169/R169) -> 36.124367 | AE169: 57 | AF169: 29 | AG169: 0 | AH169: =IF(SUM(AE169:AG169)=0,"",SUM(AE169:AG169)) -> 86 | AI169: =IF(AH169="","",AH169/R169) -> 0.62183659
A170: =IF('09월 조업일지'!A167="","",'09월 조업일지'!A167) -> 46271 | B170: ='09월 조업일지'!E167 -> D | C170: ='09월 조업일지'!F167 -> B | D170: ='09월 화학성분'!C167 -> 85369 | E170: =IF(F170="","",E169) -> SS400-05 | F170: 28 | G170: 27700 | H170: 18 | I170: 20500 | J170: 14 | K170: 14900 | L170: =IF(ISBLANK(F170),"",SUM(F170,H170,J170)) -> 60 | M170: =IF(ISBLANK(G170),"",SUM(G170,I170,K170)) -> 63100 | N170: =IF(ISBLANK(G170),"",G170/R170) -> 207.80195 | O170: =IF(ISBLANK(I170),"",+I170/R170) -> 153.78845 | P170: =IF(ISBLANK(K170),"",K170/R170) -> 111.77794 | Q170: =IF(ISBLANK(K170),"",SUM(N170:P170)) -> 473.36834 | R170: 133.3 | S170: 0 | T170: 92 | U170: 266 | V170: =IF(SUM(S170:U170)=0,"",SUM(S170:U170)) -> 358 | W170: =IF(V170="","",V170/R170) -> 2.6856714 | X170: 2026 | Y170: 1608 | Z170: 937 | AA170: =IF(SUM(X170:Z170)=0,"",SUM(X170:Z170)) -> 4571 | AB170: =IF(AA170="","",AA170/R170) -> 34.291073 | AC170: =IF(SUM(V170,AA170)=0,"",SUM(V170,AA170)) -> 4929 | AD170: =IF(AC170="","",AC170/R170) -> 36.976744 | AE170: 71 | AF170: 28 | AG170: 0 | AH170: =IF(SUM(AE170:AG170)=0,"",SUM(AE170:AG170)) -> 99 | AI170: =IF(AH170="","",AH170/R170) -> 0.74268567
A171: =IF('09월 조업일지'!A168="","",'09월 조업일지'!A168) -> 46271 | B171: ='09월 조업일지'!E168 -> D | C171: ='09월 조업일지'!F168 -> A | D171: ='09월 화학성분'!C168 -> 85370 | E171: =IF(F171="","",E170) -> SS400-05 | F171: 21 | G171: 24000 | H171: 17 | I171: 20100 | J171: 9 | K171: 11600 | L171: =IF(ISBLANK(F171),"",SUM(F171,H171,J171)) -> 47 | M171: =IF(ISBLANK(G171),"",SUM(G171,I171,K171)) -> 55700 | N171: =IF(ISBLANK(G171),"",G171/R171) -> 176.08217 | O171: =IF(ISBLANK(I171),"",+I171/R171) -> 147.46882 | P171: =IF(ISBLANK(K171),"",K171/R171) -> 85.106383 | Q171: =IF(ISBLANK(K171),"",SUM(N171:P171)) -> 408.65737 | R171: 136.3 | S171: 0 | T171: 129 | U171: 202 | V171: =IF(SUM(S171:U171)=0,"",SUM(S171:U171)) -> 331 | W171: =IF(V171="","",V171/R171) -> 2.4284666 | X171: 1780 | Y171: 1565 | Z171: 896 | AA171: =IF(SUM(X171:Z171)=0,"",SUM(X171:Z171)) -> 4241 | AB171: =IF(AA171="","",AA171/R171) -> 31.115187 | AC171: =IF(SUM(V171,AA171)=0,"",SUM(V171,AA171)) -> 4572 | AD171: =IF(AC171="","",AC171/R171) -> 33.543654 | AE171: 23 | AF171: 32 | AG171: 0 | AH171: =IF(SUM(AE171:AG171)=0,"",SUM(AE171:AG171)) -> 55 | AI171: =IF(AH171="","",AH171/R171) -> 0.40352164
A172: =IF('09월 조업일지'!A169="","",'09월 조업일지'!A169) -> 46271 | B172: ='09월 조업일지'!E169 -> D | C172: ='09월 조업일지'!F169 -> B | D172: ='09월 화학성분'!C169 -> 85371 | E172: =IF(F172="","",E171) -> SS400-05 | F172: 21 | G172: 23400 | H172: 17 | I172: 20700 | J172: 9 | K172: 10600 | L172: =IF(ISBLANK(F172),"",SUM(F172,H172,J172)) -> 47 | M172: =IF(ISBLANK(G172),"",SUM(G172,I172,K172)) -> 54700 | N172: =IF(ISBLANK(G172),"",G172/R172) -> 172.31222 | O172: =IF(ISBLANK(I172),"",+I172/R172) -> 152.43004 | P172: =IF(ISBLANK(K172),"",K172/R172) -> 78.055965 | Q172: =IF(ISBLANK(K172),"",SUM(N172:P172)) -> 402.79823 | R172: 135.8 | S172: 0 | T172: 210 | U172: 76 | V172: =IF(SUM(S172:U172)=0,"",SUM(S172:U172)) -> 286 | W172: =IF(V172="","",V172/R172) -> 2.1060383 | X172: 1767 | Y172: 1589 | Z172: 465 | AA172: =IF(SUM(X172:Z172)=0,"",SUM(X172:Z172)) -> 3821 | AB172: =IF(AA172="","",AA172/R172) -> 28.136966 | AC172: =IF(SUM(V172,AA172)=0,"",SUM(V172,AA172)) -> 4107 | AD172: =IF(AC172="","",AC172/R172) -> 30.243004 | AE172: 26 | AF172: 24 | AG172: 0 | AH172: =IF(SUM(AE172:AG172)=0,"",SUM(AE172:AG172)) -> 50 | AI172: =IF(AH172="","",AH172/R172) -> 0.36818851
A173: =IF('09월 조업일지'!A170="","",'09월 조업일지'!A170) -> 46271 | B173: ='09월 조업일지'!E170 -> D | C173: ='09월 조업일지'!F170 -> A | D173: ='09월 화학성분'!C170 -> 85372 | E173: SHN400(BL) | F173: 21 | G173: 23700 | H173: 18 | I173: 20500 | J173: 7 | K173: 9600 | L173: =IF(ISBLANK(F173),"",SUM(F173,H173,J173)) -> 46 | M173: =IF(ISBLANK(G173),"",SUM(G173,I173,K173)) -> 53800 | N173: =IF(ISBLANK(G173),"",G173/R173) -> 160.13514 | O173: =IF(ISBLANK(I173),"",+I173/R173) -> 138.51351 | P173: =IF(ISBLANK(K173),"",K173/R173) -> 64.864865 | Q173: =IF(ISBLANK(K173),"",SUM(N173:P173)) -> 363.51351 | R173: 148 | S173: 0 | T173: 174 | U173: 122 | V173: =IF(SUM(S173:U173)=0,"",SUM(S173:U173)) -> 296 | W173: =IF(V173="","",V173/R173) -> 2 | X173: 1735 | Y173: 1590 | Z173: 861 | AA173: =IF(SUM(X173:Z173)=0,"",SUM(X173:Z173)) -> 4186 | AB173: =IF(AA173="","",AA173/R173) -> 28.283784 | AC173: =IF(SUM(V173,AA173)=0,"",SUM(V173,AA173)) -> 4482 | AD173: =IF(AC173="","",AC173/R173) -> 30.283784 | AE173: 25 | AF173: 30 | AG173: 0 | AH173: =IF(SUM(AE173:AG173)=0,"",SUM(AE173:AG173)) -> 55 | AI173: =IF(AH173="","",AH173/R173) -> 0.37162162
A174: =IF('09월 조업일지'!A171="","",'09월 조업일지'!A171) -> 46271 | B174: ='09월 조업일지'!E171 -> D | C174: ='09월 조업일지'!F171 -> B | D174: ='09월 화학성분'!C171 -> 85373 | E174: =IF(F174="","",E173) -> SHN400(BL) | F174: 20 | G174: 23700 | H174: 17 | I174: 20600 | J174: 10 | K174: 12500 | L174: =IF(ISBLANK(F174),"",SUM(F174,H174,J174)) -> 47 | M174: =IF(ISBLANK(G174),"",SUM(G174,I174,K174)) -> 56800 | N174: =IF(ISBLANK(G174),"",G174/R174) -> 162.66301 | O174: =IF(ISBLANK(I174),"",+I174/R174) -> 141.38641 | P174: =IF(ISBLANK(K174),"",K174/R174) -> 85.792725 | Q174: =IF(ISBLANK(K174),"",SUM(N174:P174)) -> 389.84214 | R174: 145.7 | S174: 0 | T174: 191 | U174: 154 | V174: =IF(SUM(S174:U174)=0,"",SUM(S174:U174)) -> 345 | W174: =IF(V174="","",V174/R174) -> 2.3678792 | X174: 1777 | Y174: 1601 | Z174: 668 | AA174: =IF(SUM(X174:Z174)=0,"",SUM(X174:Z174)) -> 4046 | AB174: =IF(AA174="","",AA174/R174) -> 27.769389 | AC174: =IF(SUM(V174,AA174)=0,"",SUM(V174,AA174)) -> 4391 | AD174: =IF(AC174="","",AC174/R174) -> 30.137268 | AE174: 27 | AF174: 21 | AG174: 0 | AH174: =IF(SUM(AE174:AG174)=0,"",SUM(AE174:AG174)) -> 48 | AI174: =IF(AH174="","",AH174/R174) -> 0.32944406
A175: =IF('09월 조업일지'!A172="","",'09월 조업일지'!A172) -> 46271 | B175: ='09월 조업일지'!E172 -> D | C175: ='09월 조업일지'!F172 -> A | D175: ='09월 화학성분'!C172 -> 85374 | E175: =IF(F175="","",E174) -> SHN400(BL) | F175: 21 | G175: 23400 | H175: 17 | I175: 20500 | J175: 5 | K175: 6700 | L175: =IF(ISBLANK(F175),"",SUM(F175,H175,J175)) -> 43 | M175: =IF(ISBLANK(G175),"",SUM(G175,I175,K175)) -> 50600 | N175: =IF(ISBLANK(G175),"",G175/R175) -> 159.18367 | O175: =IF(ISBLANK(I175),"",+I175/R175) -> 139.45578 | P175: =IF(ISBLANK(K175),"",K175/R175) -> 45.578231 | Q175: =IF(ISBLANK(K175),"",SUM(N175:P175)) -> 344.21769 | R175: 147 | S175: 0 | T175: 170 | U175: 142 | V175: =IF(SUM(S175:U175)=0,"",SUM(S175:U175)) -> 312 | W175: =IF(V175="","",V175/R175) -> 2.122449 | X175: 1684 | Y175: 1583 | Z175: 590 | AA175: =IF(SUM(X175:Z175)=0,"",SUM(X175:Z175)) -> 3857 | AB175: =IF(AA175="","",AA175/R175) -> 26.238095 | AC175: =IF(SUM(V175,AA175)=0,"",SUM(V175,AA175)) -> 4169 | AD175: =IF(AC175="","",AC175/R175) -> 28.360544 | AE175: 25 | AF175: 26 | AG175: 0 | AH175: =IF(SUM(AE175:AG175)=0,"",SUM(AE175:AG175)) -> 51 | AI175: =IF(AH175="","",AH175/R175) -> 0.34693878
A176: =IF('09월 조업일지'!A173="","",'09월 조업일지'!A173) -> 46271 | B176: ='09월 조업일지'!E173 -> D | C176: ='09월 조업일지'!F173 -> B | D176: ='09월 화학성분'!C173 -> 85375 | E176: S355JO/JR(BL) | F176: 22 | G176: 23600 | H176: 18 | I176: 20700 | J176: 10 | K176: 13100 | L176: =IF(ISBLANK(F176),"",SUM(F176,H176,J176)) -> 50 | M176: =IF(ISBLANK(G176),"",SUM(G176,I176,K176)) -> 57400 | N176: =IF(ISBLANK(G176),"",G176/R176) -> 160.32609 | O176: =IF(ISBLANK(I176),"",+I176/R176) -> 140.625 | P176: =IF(ISBLANK(K176),"",K176/R176) -> 88.994565 | Q176: =IF(ISBLANK(K176),"",SUM(N176:P176)) -> 389.94565 | R176: 147.2 | S176: 0 | T176: 136 | U176: 184 | V176: =IF(SUM(S176:U176)=0,"",SUM(S176:U176)) -> 320 | W176: =IF(V176="","",V176/R176) -> 2.173913 | X176: 1773 | Y176: 1619 | Z176: 1105 | AA176: =IF(SUM(X176:Z176)=0,"",SUM(X176:Z176)) -> 4497 | AB176: =IF(AA176="","",AA176/R176) -> 30.550272 | AC176: =IF(SUM(V176,AA176)=0,"",SUM(V176,AA176)) -> 4817 | AD176: =IF(AC176="","",AC176/R176) -> 32.724185 | AE176: 26 | AF176: 25 | AG176: 0 | AH176: =IF(SUM(AE176:AG176)=0,"",SUM(AE176:AG176)) -> 51 | AI176: =IF(AH176="","",AH176/R176) -> 0.34646739
A177: =IF('09월 조업일지'!A174="","",'09월 조업일지'!A174) -> 46271 | B177: ='09월 조업일지'!E174 -> D | C177: ='09월 조업일지'!F174 -> A | D177: ='09월 화학성분'!C174 -> 85376 | E177: =IF(F177="","",E176) -> S355JO/JR(BL) | F177: 21 | G177: 23400 | H177: 17 | I177: 20600 | J177: 9 | K177: 10900 | L177: =IF(ISBLANK(F177),"",SUM(F177,H177,J177)) -> 47 | M177: =IF(ISBLANK(G177),"",SUM(G177,I177,K177)) -> 54900 | N177: =IF(ISBLANK(G177),"",G177/R177) -> 159.18367 | O177: =IF(ISBLANK(I177),"",+I177/R177) -> 140.13605 | P177: =IF(ISBLANK(K177),"",K177/R177) -> 74.14966 | Q177: =IF(ISBLANK(K177),"",SUM(N177:P177)) -> 373.46939 | R177: 147 | S177: 0 | T177: 82 | U177: 266 | V177: =IF(SUM(S177:U177)=0,"",SUM(S177:U177)) -> 348 | W177: =IF(V177="","",V177/R177) -> 2.3673469 | X177: 1693 | Y177: 1659 | Z177: 876 | AA177: =IF(SUM(X177:Z177)=0,"",SUM(X177:Z177)) -> 4228 | AB177: =IF(AA177="","",AA177/R177) -> 28.761905 | AC177: =IF(SUM(V177,AA177)=0,"",SUM(V177,AA177)) -> 4576 | AD177: =IF(AC177="","",AC177/R177) -> 31.129252 | AE177: 26 | AF177: 30 | AG177: 0 | AH177: =IF(SUM(AE177:AG177)=0,"",SUM(AE177:AG177)) -> 56 | AI177: =IF(AH177="","",AH177/R177) -> 0.38095238
A178: =IF('09월 조업일지'!A175="","",'09월 조업일지'!A175) -> 46271 | B178: ='09월 조업일지'!E175 -> D | C178: ='09월 조업일지'!F175 -> B | D178: ='09월 화학성분'!C175 -> 85377 | E178: SS400-05 | F178: 21 | G178: 23600 | H178: 18 | I178: 20400 | J178: 11 | K178: 14400 | L178: =IF(ISBLANK(F178),"",SUM(F178,H178,J178)) -> 50 | M178: =IF(ISBLANK(G178),"",SUM(G178,I178,K178)) -> 58400 | N178: =IF(ISBLANK(G178),"",G178/R178) -> 157.22851 | O178: =IF(ISBLANK(I178),"",+I178/R178) -> 135.90939 | P178: =IF(ISBLANK(K178),"",K178/R178) -> 95.936043 | Q178: =IF(ISBLANK(K178),"",SUM(N178:P178)) -> 389.07395 | R178: 150.1 | S178: 0 | T178: 137 | U178: 229 | V178: =IF(SUM(S178:U178)=0,"",SUM(S178:U178)) -> 366 | W178: =IF(V178="","",V178/R178) -> 2.4383744 | X178: 1787 | Y178: 1624 | Z178: 1183 | AA178: =IF(SUM(X178:Z178)=0,"",SUM(X178:Z178)) -> 4594 | AB178: =IF(AA178="","",AA178/R178) -> 30.606262 | AC178: =IF(SUM(V178,AA178)=0,"",SUM(V178,AA178)) -> 4960 | AD178: =IF(AC178="","",AC178/R178) -> 33.044637 | AE178: 26 | AF178: 23 | AG178: 0 | AH178: =IF(SUM(AE178:AG178)=0,"",SUM(AE178:AG178)) -> 49 | AI178: =IF(AH178="","",AH178/R178) -> 0.32644903
A179: =IF('09월 조업일지'!A176="","",'09월 조업일지'!A176) -> 46271 | B179: ='09월 조업일지'!E176 -> D | C179: ='09월 조업일지'!F176 -> A | D179: ='09월 화학성분'!C176 -> 85378 | E179: =IF(F179="","",E178) -> SS400-05 | F179: 20 | G179: 23400 | H179: 17 | I179: 20500 | J179: 8 | K179: 10500 | L179: =IF(ISBLANK(F179),"",SUM(F179,H179,J179)) -> 45 | M179: =IF(ISBLANK(G179),"",SUM(G179,I179,K179)) -> 54400 | N179: =IF(ISBLANK(G179),"",G179/R179) -> 158.10811 | O179: =IF(ISBLANK(I179),"",+I179/R179) -> 138.51351 | P179: =IF(ISBLANK(K179),"",K179/R179) -> 70.945946 | Q179: =IF(ISBLANK(K179),"",SUM(N179:P179)) -> 367.56757 | R179: 148 | S179: 0 | T179: 90 | U179: 312 | V179: =IF(SUM(S179:U179)=0,"",SUM(S179:U179)) -> 402 | W179: =IF(V179="","",V179/R179) -> 2.7162162 | X179: 1646 | Y179: 1581 | Z179: 660 | AA179: =IF(SUM(X179:Z179)=0,"",SUM(X179:Z179)) -> 3887 | AB179: =IF(AA179="","",AA179/R179) -> 26.263514 | AC179: =IF(SUM(V179,AA179)=0,"",SUM(V179,AA179)) -> 4289 | AD179: =IF(AC179="","",AC179/R179) -> 28.97973 | AE179: 25 | AF179: 27 | AG179: 0 | AH179: =IF(SUM(AE179:AG179)=0,"",SUM(AE179:AG179)) -> 52 | AI179: =IF(AH179="","",AH179/R179) -> 0.35135135
A180: =IF('09월 조업일지'!#REF!="","",'09월 조업일지'!#REF!) -> #REF! | B180: ='09월 조업일지'!#REF! -> #REF! | C180: ='09월 조업일지'!#REF! -> #REF! | D180: ='09월 화학성분'!C177 -> 85379 | E180: =IF(F180="","",E179) -> SS400-05 | F180: 20 | G180: 23400 | H180: 18 | I180: 20500 | J180: 9 | K180: 11700 | L180: =IF(ISBLANK(F180),"",SUM(F180,H180,J180)) -> 47 | M180: =IF(ISBLANK(G180),"",SUM(G180,I180,K180)) -> 55600 | N180: =IF(ISBLANK(G180),"",G180/R180) -> 159.5092 | O180: =IF(ISBLANK(I180),"",+I180/R180) -> 139.74097 | P180: =IF(ISBLANK(K180),"",K180/R180) -> 79.754601 | Q180: =IF(ISBLANK(K180),"",SUM(N180:P180)) -> 379.00477 | R180: 146.7 | S180: 0 | T180: 191 | U180: 155 | V180: =IF(SUM(S180:U180)=0,"",SUM(S180:U180)) -> 346 | W180: =IF(V180="","",V180/R180) -> 2.3585549 | X180: 1723 | Y180: 1604 | Z180: 656 | AA180: =IF(SUM(X180:Z180)=0,"",SUM(X180:Z180)) -> 3983 | AB180: =IF(AA180="","",AA180/R180) -> 27.150648 | AC180: =IF(SUM(V180,AA180)=0,"",SUM(V180,AA180)) -> 4329 | AD180: =IF(AC180="","",AC180/R180) -> 29.509202 | AE180: 23 | AF180: 24 | AG180: 0 | AH180: =IF(SUM(AE180:AG180)=0,"",SUM(AE180:AG180)) -> 47 | AI180: =IF(AH180="","",AH180/R180) -> 0.32038173
A181: =IF('09월 조업일지'!A177="","",'09월 조업일지'!A177) -> 46271 | B181: ='09월 조업일지'!E177 -> A | C181: ='09월 조업일지'!F177 -> B | D181: ='09월 화학성분'!C178 -> 85380 | E181: =IF(F181="","",E180) -> SS400-05 | F181: 21 | G181: 23600 | H181: 17 | I181: 20600 | J181: 12 | K181: 14400 | L181: =IF(ISBLANK(F181),"",SUM(F181,H181,J181)) -> 50 | M181: =IF(ISBLANK(G181),"",SUM(G181,I181,K181)) -> 58600 | N181: =IF(ISBLANK(G181),"",G181/R181) -> 160.54422 | O181: =IF(ISBLANK(I181),"",+I181/R181) -> 140.13605 | P181: =IF(ISBLANK(K181),"",K181/R181) -> 97.959184 | Q181: =IF(ISBLANK(K181),"",SUM(N181:P181)) -> 398.63946 | R181: 147 | S181: 0 | T181: 60 | U181: 293 | V181: =IF(SUM(S181:U181)=0,"",SUM(S181:U181)) -> 353 | W181: =IF(V181="","",V181/R181) -> 2.4013605 | X181: 1782 | Y181: 1631 | Z181: 865 | AA181: =IF(SUM(X181:Z181)=0,"",SUM(X181:Z181)) -> 4278 | AB181: =IF(AA181="","",AA181/R181) -> 29.102041 | AC181: =IF(SUM(V181,AA181)=0,"",SUM(V181,AA181)) -> 4631 | AD181: =IF(AC181="","",AC181/R181) -> 31.503401 | AE181: 26 | AF181: 29 | AG181: 0 | AH181: =IF(SUM(AE181:AG181)=0,"",SUM(AE181:AG181)) -> 55 | AI181: =IF(AH181="","",AH181/R181) -> 0.37414966
A182: =IF('09월 조업일지'!A178="","",'09월 조업일지'!A178) -> 46271 | B182: ='09월 조업일지'!E178 -> A | C182: ='09월 조업일지'!F178 -> A | D182: ='09월 화학성분'!C179 -> 85381 | E182: =IF(F182="","",E181) -> SS400-05 | F182: 21 | G182: 23600 | H182: 17 | I182: 20600 | J182: 9 | K182: 10400 | L182: =IF(ISBLANK(F182),"",SUM(F182,H182,J182)) -> 47 | M182: =IF(ISBLANK(G182),"",SUM(G182,I182,K182)) -> 54600 | N182: =IF(ISBLANK(G182),"",G182/R182) -> 156.60252 | O182: =IF(ISBLANK(I182),"",+I182/R182) -> 136.69542 | P182: =IF(ISBLANK(K182),"",K182/R182) -> 69.011281 | Q182: =IF(ISBLANK(K182),"",SUM(N182:P182)) -> 362.30922 | R182: 150.7 | S182: 0 | T182: 153 | U182: 173 | V182: =IF(SUM(S182:U182)=0,"",SUM(S182:U182)) -> 326 | W182: =IF(V182="","",V182/R182) -> 2.1632382 | X182: 1724 | Y182: 1596 | Z182: 534 | AA182: =IF(SUM(X182:Z182)=0,"",SUM(X182:Z182)) -> 3854 | AB182: =IF(AA182="","",AA182/R182) -> 25.573988 | AC182: =IF(SUM(V182,AA182)=0,"",SUM(V182,AA182)) -> 4180 | AD182: =IF(AC182="","",AC182/R182) -> 27.737226 | AE182: 26 | AF182: 23 | AG182: 0 | AH182: =IF(SUM(AE182:AG182)=0,"",SUM(AE182:AG182)) -> 49 | AI182: =IF(AH182="","",AH182/R182) -> 0.3251493
A183: =IF('09월 조업일지'!A179="","",'09월 조업일지'!A179) -> 46271 | B183: ='09월 조업일지'!E179 -> A | C183: ='09월 조업일지'!F179 -> B | D183: ='09월 화학성분'!C180 -> 85382 | E183: =IF(F183="","",E182) -> SS400-05 | F183: 21 | G183: 23200 | H183: 18 | I183: 20600 | J183: 8 | K183: 10500 | L183: =IF(ISBLANK(F183),"",SUM(F183,H183,J183)) -> 47 | M183: =IF(ISBLANK(G183),"",SUM(G183,I183,K183)) -> 54300 | N183: =IF(ISBLANK(G183),"",G183/R183) -> 152.93342 | O183: =IF(ISBLANK(I183),"",+I183/R183) -> 135.79433 | P183: =IF(ISBLANK(K183),"",K183/R183) -> 69.215557 | Q183: =IF(ISBLANK(K183),"",SUM(N183:P183)) -> 357.94331 | R183: 151.7 | S183: 0 | T183: 176 | U183: 190 | V183: =IF(SUM(S183:U183)=0,"",SUM(S183:U183)) -> 366 | W183: =IF(V183="","",V183/R183) -> 2.4126566 | X183: 1717 | Y183: 1623 | Z183: 625 | AA183: =IF(SUM(X183:Z183)=0,"",SUM(X183:Z183)) -> 3965 | AB183: =IF(AA183="","",AA183/R183) -> 26.137113 | AC183: =IF(SUM(V183,AA183)=0,"",SUM(V183,AA183)) -> 4331 | AD183: =IF(AC183="","",AC183/R183) -> 28.549769 | AE183: 26 | AF183: 28 | AG183: 0 | AH183: =IF(SUM(AE183:AG183)=0,"",SUM(AE183:AG183)) -> 54 | AI183: =IF(AH183="","",AH183/R183) -> 0.35596572
A184: =IF('09월 조업일지'!A180="","",'09월 조업일지'!A180) -> 46271 | B184: ='09월 조업일지'!E180 -> A | C184: ='09월 조업일지'!F180 -> B | D184: ='09월 화학성분'!C181 -> 85383 | E184: =IF(F184="","",E183) -> SS400-05 | F184: 21 | G184: 23500 | H184: 18 | I184: 20600 | J184: 7 | K184: 9900 | L184: =IF(ISBLANK(F184),"",SUM(F184,H184,J184)) -> 46 | M184: =IF(ISBLANK(G184),"",SUM(G184,I184,K184)) -> 54000 | N184: =IF(ISBLANK(G184),"",G184/R184) -> 156.0425 | O184: =IF(ISBLANK(I184),"",+I184/R184) -> 136.78619 | P184: =IF(ISBLANK(K184),"",K184/R184) -> 65.737052 | Q184: =IF(ISBLANK(K184),"",SUM(N184:P184)) -> 358.56574 | R184: 150.6 | S184: 0 | T184: 132 | U184: 190 | V184: =IF(SUM(S184:U184)=0,"",SUM(S184:U184)) -> 322 | W184: =IF(V184="","",V184/R184) -> 2.1381142 | X184: 1654 | Y184: 1599 | Z184: 663 | AA184: =IF(SUM(X184:Z184)=0,"",SUM(X184:Z184)) -> 3916 | AB184: =IF(AA184="","",AA184/R184) -> 26.002656 | AC184: =IF(SUM(V184,AA184)=0,"",SUM(V184,AA184)) -> 4238 | AD184: =IF(AC184="","",AC184/R184) -> 28.14077 | AE184: 26 | AF184: 24 | AG184: 0 | AH184: =IF(SUM(AE184:AG184)=0,"",SUM(AE184:AG184)) -> 50 | AI184: =IF(AH184="","",AH184/R184) -> 0.33200531
A185: =IF('09월 조업일지'!A181="","",'09월 조업일지'!A181) -> 46271 | B185: ='09월 조업일지'!E181 -> A | C185: ='09월 조업일지'!F181 -> B | D185: ='09월 화학성분'!C182 -> 85384 | E185: =IF(F185="","",E184) -> SS400-05 | F185: 20 | G185: 23400 | H185: 17 | I185: 20300 | J185: 14 | K185: 13300 | L185: =IF(ISBLANK(F185),"",SUM(F185,H185,J185)) -> 51 | M185: =IF(ISBLANK(G185),"",SUM(G185,I185,K185)) -> 57000 | N185: =IF(ISBLANK(G185),"",G185/R185) -> 152.54237 | O185: =IF(ISBLANK(I185),"",+I185/R185) -> 132.33377 | P185: =IF(ISBLANK(K185),"",K185/R185) -> 86.701434 | Q185: =IF(ISBLANK(K185),"",SUM(N185:P185)) -> 371.57757 | R185: 153.4 | S185: 0 | T185: 92 | U185: 333 | V185: =IF(SUM(S185:U185)=0,"",SUM(S185:U185)) -> 425 | W185: =IF(V185="","",V185/R185) -> 2.7705346 | X185: 1679 | Y185: 1561 | Z185: 1288 | AA185: =IF(SUM(X185:Z185)=0,"",SUM(X185:Z185)) -> 4528 | AB185: =IF(AA185="","",AA185/R185) -> 29.517601 | AC185: =IF(SUM(V185,AA185)=0,"",SUM(V185,AA185)) -> 4953 | AD185: =IF(AC185="","",AC185/R185) -> 32.288136 | AE185: 23 | AF185: 29 | AG185: 0 | AH185: =IF(SUM(AE185:AG185)=0,"",SUM(AE185:AG185)) -> 52 | AI185: =IF(AH185="","",AH185/R185) -> 0.33898305
A186: =IF('09월 조업일지'!A182="","",'09월 조업일지'!A182) -> 46272 | B186: ='09월 조업일지'!E182 -> A | C186: ='09월 조업일지'!F182 -> B | D186: ='09월 화학성분'!C183 -> 85385 | E186: =IF(F186="","",E185) -> SS400-05 | F186: 20 | G186: 23700 | H186: 18 | I186: 20900 | J186: 6 | K186: 8200 | L186: =IF(ISBLANK(F186),"",SUM(F186,H186,J186)) -> 44 | M186: =IF(ISBLANK(G186),"",SUM(G186,I186,K186)) -> 52800 | N186: =IF(ISBLANK(G186),"",G186/R186) -> 156.95364 | O186: =IF(ISBLANK(I186),"",+I186/R186) -> 138.4106 | P186: =IF(ISBLANK(K186),"",K186/R186) -> 54.304636 | Q186: =IF(ISBLANK(K186),"",SUM(N186:P186)) -> 349.66887 | R186: 151 | S186: 0 | T186: 182 | U186: 239 | V186: =IF(SUM(S186:U186)=0,"",SUM(S186:U186)) -> 421 | W186: =IF(V186="","",V186/R186) -> 2.7880795 | X186: 1735 | Y186: 1629 | Z186: 682 | AA186: =IF(SUM(X186:Z186)=0,"",SUM(X186:Z186)) -> 4046 | AB186: =IF(AA186="","",AA186/R186) -> 26.794702 | AC186: =IF(SUM(V186,AA186)=0,"",SUM(V186,AA186)) -> 4467 | AD186: =IF(AC186="","",AC186/R186) -> 29.582781 | AE186: 25 | AF186: 22 | AG186: 0 | AH186: =IF(SUM(AE186:AG186)=0,"",SUM(AE186:AG186)) -> 47 | AI186: =IF(AH186="","",AH186/R186) -> 0.31125828
A187: =IF('09월 조업일지'!A183="","",'09월 조업일지'!A183) -> 46272 | B187: ='09월 조업일지'!E183 -> A | C187: ='09월 조업일지'!F183 -> A | D187: ='09월 화학성분'!C184 -> 85386 | E187: =IF(F187="","",E186) -> SS400-05 | F187: 22 | G187: 23700 | H187: 17 | I187: 20500 | J187: 9 | K187: 10700 | L187: =IF(ISBLANK(F187),"",SUM(F187,H187,J187)) -> 48 | M187: =IF(ISBLANK(G187),"",SUM(G187,I187,K187)) -> 54900 | N187: =IF(ISBLANK(G187),"",G187/R187) -> 155.92105 | O187: =IF(ISBLANK(I187),"",+I187/R187) -> 134.86842 | P187: =IF(ISBLANK(K187),"",K187/R187) -> 70.394737 | Q187: =IF(ISBLANK(K187),"",SUM(N187:P187)) -> 361.18421 | R187: 152 | S187: 0 | T187: 185 | U187: 175 | V187: =IF(SUM(S187:U187)=0,"",SUM(S187:U187)) -> 360 | W187: =IF(V187="","",V187/R187) -> 2.3684211 | X187: 1809 | Y187: 1614 | Z187: 731 | AA187: =IF(SUM(X187:Z187)=0,"",SUM(X187:Z187)) -> 4154 | AB187: =IF(AA187="","",AA187/R187) -> 27.328947 | AC187: =IF(SUM(V187,AA187)=0,"",SUM(V187,AA187)) -> 4514 | AD187: =IF(AC187="","",AC187/R187) -> 29.697368 | AE187: 25 | AF187: 30 | AG187: 0 | AH187: =IF(SUM(AE187:AG187)=0,"",SUM(AE187:AG187)) -> 55 | AI187: =IF(AH187="","",AH187/R187) -> 0.36184211
A188: =IF('09월 조업일지'!A184="","",'09월 조업일지'!A184) -> 46272 | B188: ='09월 조업일지'!E184 -> A | C188: ='09월 조업일지'!F184 -> B | D188: ='09월 화학성분'!C185 -> 85387 | E188: =IF(F188="","",E187) -> SS400-05 | F188: 20 | G188: 23500 | H188: 18 | I188: 20800 | J188: 8 | K188: 9600 | L188: =IF(ISBLANK(F188),"",SUM(F188,H188,J188)) -> 46 | M188: =IF(ISBLANK(G188),"",SUM(G188,I188,K188)) -> 53900 | N188: =IF(ISBLANK(G188),"",G188/R188) -> 155.62914 | O188: =IF(ISBLANK(I188),"",+I188/R188) -> 137.74834 | P188: =IF(ISBLANK(K188),"",K188/R188) -> 63.576159 | Q188: =IF(ISBLANK(K188),"",SUM(N188:P188)) -> 356.95364 | R188: 151 | S188: 0 | T188: 205 | U188: 131 | V188: =IF(SUM(S188:U188)=0,"",SUM(S188:U188)) -> 336 | W188: =IF(V188="","",V188/R188) -> 2.2251656 | X188: 1684 | Y188: 1660 | Z188: 655 | AA188: =IF(SUM(X188:Z188)=0,"",SUM(X188:Z188)) -> 3999 | AB188: =IF(AA188="","",AA188/R188) -> 26.483444 | AC188: =IF(SUM(V188,AA188)=0,"",SUM(V188,AA188)) -> 4335 | AD188: =IF(AC188="","",AC188/R188) -> 28.708609 | AE188: 26 | AF188: 26 | AG188: 0 | AH188: =IF(SUM(AE188:AG188)=0,"",SUM(AE188:AG188)) -> 52 | AI188: =IF(AH188="","",AH188/R188) -> 0.34437086
A189: =IF('09월 조업일지'!A185="","",'09월 조업일지'!A185) -> 46272 | B189: ='09월 조업일지'!E185 -> A | C189: ='09월 조업일지'!F185 -> A | D189: ='09월 화학성분'!C186 -> 85388 | E189: =IF(F189="","",E188) -> SS400-05 | F189: 21 | G189: 23500 | H189: 19 | I189: 20600 | J189: 7 | K189: 9400 | L189: =IF(ISBLANK(F189),"",SUM(F189,H189,J189)) -> 47 | M189: =IF(ISBLANK(G189),"",SUM(G189,I189,K189)) -> 53500 | N189: =IF(ISBLANK(G189),"",G189/R189) -> 155.42328 | O189: =IF(ISBLANK(I189),"",+I189/R189) -> 136.24339 | P189: =IF(ISBLANK(K189),"",K189/R189) -> 62.169312 | Q189: =IF(ISBLANK(K189),"",SUM(N189:P189)) -> 353.83598 | R189: 151.2 | S189: 0 | T189: 213 | U189: 126 | V189: =IF(SUM(S189:U189)=0,"",SUM(S189:U189)) -> 339 | W189: =IF(V189="","",V189/R189) -> 2.2420635 | X189: 1653 | Y189: 1639 | Z189: 691 | AA189: =IF(SUM(X189:Z189)=0,"",SUM(X189:Z189)) -> 3983 | AB189: =IF(AA189="","",AA189/R189) -> 26.342593 | AC189: =IF(SUM(V189,AA189)=0,"",SUM(V189,AA189)) -> 4322 | AD189: =IF(AC189="","",AC189/R189) -> 28.584656 | AE189: 25 | AF189: 29 | AG189: 0 | AH189: =IF(SUM(AE189:AG189)=0,"",SUM(AE189:AG189)) -> 54 | AI189: =IF(AH189="","",AH189/R189) -> 0.35714286
A190: =IF('09월 조업일지'!A186="","",'09월 조업일지'!A186) -> 46272 | B190: ='09월 조업일지'!E186 -> B | C190: ='09월 조업일지'!F186 -> B | D190: ='09월 화학성분'!C187 -> 85389 | E190: =IF(F190="","",E189) -> SS400-05 | F190: 20 | G190: 23200 | H190: 18 | I190: 20600 | J190: 11 | K190: 14200 | L190: =IF(ISBLANK(F190),"",SUM(F190,H190,J190)) -> 49 | M190: =IF(ISBLANK(G190),"",SUM(G190,I190,K190)) -> 58000 | N190: =IF(ISBLANK(G190),"",G190/R190) -> 154.46072 | O190: =IF(ISBLANK(I190),"",+I190/R190) -> 137.15047 | P190: =IF(ISBLANK(K190),"",K190/R190) -> 94.540613 | Q190: =IF(ISBLANK(K190),"",SUM(N190:P190)) -> 386.1518 | R190: 150.2 | S190: 0 | T190: 149 | U190: 447 | V190: =IF(SUM(S190:U190)=0,"",SUM(S190:U190)) -> 596 | W190: =IF(V190="","",V190/R190) -> 3.9680426 | X190: 1732 | Y190: 1602 | Z190: 1305 | AA190: =IF(SUM(X190:Z190)=0,"",SUM(X190:Z190)) -> 4639 | AB190: =IF(AA190="","",AA190/R190) -> 30.885486 | AC190: =IF(SUM(V190,AA190)=0,"",SUM(V190,AA190)) -> 5235 | AD190: =IF(AC190="","",AC190/R190) -> 34.853529 | AE190: 26 | AF190: 19 | AG190: 0 | AH190: =IF(SUM(AE190:AG190)=0,"",SUM(AE190:AG190)) -> 45 | AI190: =IF(AH190="","",AH190/R190) -> 0.29960053
A191: =IF('09월 조업일지'!A187="","",'09월 조업일지'!A187) -> 46272 | B191: ='09월 조업일지'!E187 -> B | C191: ='09월 조업일지'!F187 -> A | D191: ='09월 화학성분'!C188 -> 85390 | E191: =IF(F191="","",E190) -> SS400-05 | F191: 20 | G191: 23400 | H191: 18 | I191: 20400 | J191: 8 | K191: 10700 | L191: =IF(ISBLANK(F191),"",SUM(F191,H191,J191)) -> 46 | M191: =IF(ISBLANK(G191),"",SUM(G191,I191,K191)) -> 54500 | N191: =IF(ISBLANK(G191),"",G191/R191) -> 155.89607 | O191: =IF(ISBLANK(I191),"",+I191/R191) -> 135.90939 | P191: =IF(ISBLANK(K191),"",K191/R191) -> 71.285809 | Q191: =IF(ISBLANK(K191),"",SUM(N191:P191)) -> 363.09127 | R191: 150.1 | S191: 0 | T191: 153 | U191: 204 | V191: =IF(SUM(S191:U191)=0,"",SUM(S191:U191)) -> 357 | W191: =IF(V191="","",V191/R191) -> 2.3784144 | X191: 1450 | Y191: 1611 | Z191: 733 | AA191: =IF(SUM(X191:Z191)=0,"",SUM(X191:Z191)) -> 3794 | AB191: =IF(AA191="","",AA191/R191) -> 25.276482 | AC191: =IF(SUM(V191,AA191)=0,"",SUM(V191,AA191)) -> 4151 | AD191: =IF(AC191="","",AC191/R191) -> 27.654897 | AE191: 11 | AF191: 28 | AG191: 0 | AH191: =IF(SUM(AE191:AG191)=0,"",SUM(AE191:AG191)) -> 39 | AI191: =IF(AH191="","",AH191/R191) -> 0.25982678
A192: =IF('09월 조업일지'!A188="","",'09월 조업일지'!A188) -> 46272 | B192: ='09월 조업일지'!E188 -> B | C192: ='09월 조업일지'!F188 -> B | D192: ='09월 화학성분'!C189 -> 85391 | E192: =IF(F192="","",E191) -> SS400-05 | F192: 21 | G192: 24600 | H192: 17 | I192: 20400 | J192: 10 | K192: 12300 | L192: =IF(ISBLANK(F192),"",SUM(F192,H192,J192)) -> 48 | M192: =IF(ISBLANK(G192),"",SUM(G192,I192,K192)) -> 57300 | N192: =IF(ISBLANK(G192),"",G192/R192) -> 168.26265 | O192: =IF(ISBLANK(I192),"",+I192/R192) -> 139.53488 | P192: =IF(ISBLANK(K192),"",K192/R192) -> 84.131327 | Q192: =IF(ISBLANK(K192),"",SUM(N192:P192)) -> 391.92886 | R192: 146.2 | S192: 0 | T192: 209 | U192: 202 | V192: =IF(SUM(S192:U192)=0,"",SUM(S192:U192)) -> 411 | W192: =IF(V192="","",V192/R192) -> 2.8112175 | X192: 1812 | Y192: 1606 | Z192: 871 | AA192: =IF(SUM(X192:Z192)=0,"",SUM(X192:Z192)) -> 4289 | AB192: =IF(AA192="","",AA192/R192) -> 29.336525 | AC192: =IF(SUM(V192,AA192)=0,"",SUM(V192,AA192)) -> 4700 | AD192: =IF(AC192="","",AC192/R192) -> 32.147743 | AE192: 26 | AF192: 20 | AG192: 0 | AH192: =IF(SUM(AE192:AG192)=0,"",SUM(AE192:AG192)) -> 46 | AI192: =IF(AH192="","",AH192/R192) -> 0.31463748
... A248: =IF('09월 조업일지'!A244="","",'09월 조업일지'!A244) -> 46274 | B248: ='09월 조업일지'!E244 -> A | C248: ='09월 조업일지'!F244 -> A | D248: ='09월 화학성분'!C245 -> 85447 | E248: =IF(F248="","",E247) -> SS400-05 | F248: 20 | G248: 23200 | H248: 17 | I248: 20300 | J248: 7 | K248: 9000 | L248: =IF(ISBLANK(F248),"",SUM(F248,H248,J248)) -> 44 | M248: =IF(ISBLANK(G248),"",SUM(G248,I248,K248)) -> 52500 | N248: =IF(ISBLANK(G248),"",G248/R248) -> 160.77616 | O248: =IF(ISBLANK(I248),"",+I248/R248) -> 140.67914 | P248: =IF(ISBLANK(K248),"",K248/R248) -> 62.370062 | Q248: =IF(ISBLANK(K248),"",SUM(N248:P248)) -> 363.82536 | R248: 144.3 | S248: 0 | T248: 177 | U248: 175 | V248: =IF(SUM(S248:U248)=0,"",SUM(S248:U248)) -> 352 | W248: =IF(V248="","",V248/R248) -> 2.4393624 | X248: 1774 | Y248: 1539 | Z248: 683 | AA248: =IF(SUM(X248:Z248)=0,"",SUM(X248:Z248)) -> 3996 | AB248: =IF(AA248="","",AA248/R248) -> 27.692308 | AC248: =IF(SUM(V248,AA248)=0,"",SUM(V248,AA248)) -> 4348 | AD248: =IF(AC248="","",AC248/R248) -> 30.13167 | AE248: 26 | AF248: 22 | AG248: 0 | AH248: =IF(SUM(AE248:AG248)=0,"",SUM(AE248:AG248)) -> 48 | AI248: =IF(AH248="","",AH248/R248) -> 0.33264033
A249: =IF('09월 조업일지'!A245="","",'09월 조업일지'!A245) -> 46274 | B249: ='09월 조업일지'!E245 -> C | C249: ='09월 조업일지'!F245 -> B | D249: ='09월 화학성분'!C246 -> 85448 | E249: SHN400(BL) | F249: 19 | G249: 23200 | H249: 18 | I249: 20900 | J249: 7 | K249: 9900 | L249: =IF(ISBLANK(F249),"",SUM(F249,H249,J249)) -> 44 | M249: =IF(ISBLANK(G249),"",SUM(G249,I249,K249)) -> 54000 | N249: =IF(ISBLANK(G249),"",G249/R249) -> 161.78522 | O249: =IF(ISBLANK(I249),"",+I249/R249) -> 145.74616 | P249: =IF(ISBLANK(K249),"",K249/R249) -> 69.037657 | Q249: =IF(ISBLANK(K249),"",SUM(N249:P249)) -> 376.56904 | R249: 143.4 | S249: 0 | T249: 196 | U249: 176 | V249: =IF(SUM(S249:U249)=0,"",SUM(S249:U249)) -> 372 | W249: =IF(V249="","",V249/R249) -> 2.5941423 | X249: 1633 | Y249: 1677 | Z249: 845 | AA249: =IF(SUM(X249:Z249)=0,"",SUM(X249:Z249)) -> 4155 | AB249: =IF(AA249="","",AA249/R249) -> 28.974895 | AC249: =IF(SUM(V249,AA249)=0,"",SUM(V249,AA249)) -> 4527 | AD249: =IF(AC249="","",AC249/R249) -> 31.569038 | AE249: 21 | AF249: 31 | AG249: 0 | AH249: =IF(SUM(AE249:AG249)=0,"",SUM(AE249:AG249)) -> 52 | AI249: =IF(AH249="","",AH249/R249) -> 0.36262204
...

Sheet a
B1: 로 | C1: Heat No | D1: 강 종 | E1: M1 | G1: M2 | I1: R | K1: 계 | M1: 원단위 | Q1: 출강량 | R1: Lanma 산소 | W1: VLB 및 Burner 산소 | AB1: 산소계 | AD1: VLB 및 Burner 연료
E2: 시간 | F2: 전력 | G2: 시간 | H2: 전력 | I2: 시간 | J2: 전력 | K2: 시간 | L2: 전력 | M2: M1 | N2: M2 | O2: R | P2: 계 | R2: M1 | S2: M2 | T2: R | U2: 계 | V2: 원단위 | W2: M1 | X2: M2 | Y2: R | Z2: 계 | AA2: 원단위 | AB2: 사용량 | AC2: 원단위 | AD2: M1 | AE2: M2 | AF2: R | AG2: 계 | AH2: 원단위
B3: A | C3: 12172 | D3: SS400-01 | E3: 20 | F3: 24000 | G3: 17 | H3: 20600 | I3: 11 | J3: 13400 | K3: 48 | L3: 58000 | M3: 163.82253 | N3: 140.61433 | O3: 91.467577 | P3: 395.90444 | Q3: 146.5 | R3: 0 | S3: 165 | T3: 152 | U3: 317 | V3: 2.1638225 | W3: 1800 | X3: 1617 | Y3: 1162 | Z3: 4579 | AA3: 31.255973 | AB3: 4896 | AC3: 33.419795 | AD3: 23 | AE3: 25 | AF3: 0 | AG3: 48 | AH3: 0.32764505
B4: A | C4: 12174 | D4: SS400-01 | E4: 21 | F4: 23700 | G4: 17 | H4: 20900 | I4: 6 | J4: 8400 | K4: 44 | L4: 53000 | M4: 162.66301 | N4: 143.44544 | O4: 57.652711 | P4: 363.76115 | Q4: 145.7 | R4: 0 | S4: 162 | T4: 151 | U4: 313 | V4: 2.1482498 | W4: 1700 | X4: 1621 | Y4: 678 | Z4: 3999 | AA4: 27.446809 | AB4: 4312 | AC4: 29.595058 | AD4: 25 | AE4: 23 | AF4: 0 | AG4: 48 | AH4: 0.32944406
B5: A | C5: 12176 | D5: SS400-01 | E5: 20 | F5: 23700 | G5: 16 | H5: 20700 | I5: 8 | J5: 10300 | K5: 44 | L5: 54700 | M5: 159.81119 | N5: 139.58193 | O5: 69.45381 | P5: 368.84693 | Q5: 148.3 | R5: 0 | S5: 137 | T5: 181 | U5: 318 | V5: 2.1443021 | W5: 1702 | X5: 1573 | Y5: 872 | Z5: 4147 | AA5: 27.963587 | AB5: 4465 | AC5: 30.107889 | AD5: 25 | AE5: 23 | AF5: 0 | AG5: 48 | AH5: 0.32366824
B6: A | C6: 12178 | D6: SS400-01 | E6: 19 | F6: 22500 | G6: 18 | H6: 20700 | I6: 10 | J6: 12800 | K6: 47 | L6: 56000 | M6: 151.92438 | N6: 139.77043 | O6: 86.428089 | P6: 378.12289 | Q6: 148.1 | R6: 0 | S6: 83 | T6: 237 | U6: 320 | V6: 2.1607022 | W6: 1534 | X6: 1727 | Y6: 1184 | Z6: 4445 | AA6: 30.013504 | AB6: 4765 | AC6: 32.174207 | AD6: 24 | AE6: 25 | AF6: 0 | AG6: 49 | AH6: 0.33085753
B7: A | C7: 12180 | D7: SS400-01 | E7: 19 | F7: 23500 | G7: 17 | H7: 20600 | I7: 7 | J7: 8100 | K7: 43 | L7: 52200 | M7: 160.73871 | N7: 140.90287 | O7: 55.403557 | P7: 357.04514 | Q7: 146.2 | R7: 0 | S7: 101 | T7: 220 | U7: 321 | V7: 2.1956224 | W7: 1650 | X7: 1582 | Y7: 701 | Z7: 3933 | AA7: 26.901505 | AB7: 4254 | AC7: 29.097127 | AD7: 23 | AE7: 25 | AF7: 0 | AG7: 48 | AH7: 0.32831737
B8: A | C8: 12182 | D8: SS400-01 | E8: 20 | F8: 23500 | G8: 18 | H8: 20700 | I8: 7 | J8: 10000 | K8: 45 | L8: 54200 | M8: 158.03631 | N8: 139.20646 | O8: 67.249496 | P8: 364.49227 | Q8: 148.7 | R8: 0 | S8: 101 | T8: 226 | U8: 327 | V8: 2.1990585 | W8: 1680 | X8: 1760 | Y8: 666 | Z8: 4106 | AA8: 27.612643 | AB8: 4433 | AC8: 29.811701 | AD8: 22 | AE8: 26 | AF8: 0 | AG8: 48 | AH8: 0.32279758
B9: A | C9: 12184 | D9: SS400-01 | E9: 21 | F9: 23600 | G9: 16 | H9: 20500 | I9: 5 | J9: 11800 | K9: 42 | L9: 55900 | M9: 163.4349 | N9: 141.96676 | O9: 81.717452 | P9: 387.11911 | Q9: 144.4 | R9: 0 | S9: 80 | T9: 284 | U9: 364 | V9: 2.5207756 | W9: 1718 | X9: 1584 | Y9: 697 | Z9: 3999 | AA9: 27.693906 | AB9: 4363 | AC9: 30.214681 | AD9: 22 | AE9: 24 | AF9: 0 | AG9: 46 | AH9: 0.31855956
B10: A | C10: 12186 | D10: SS400-01 | E10: 20 | F10: 23600 | G10: 18 | H10: 21000 | I10: 10 | J10: 13500 | K10: 48 | L10: 58100 | M10: 159.8916 | N10: 142.27642 | O10: 91.463415 | P10: 393.63144 | Q10: 147.6 | R10: 0 | S10: 63 | T10: 267 | U10: 330 | V10: 2.2357724 | W10: 1769 | X10: 1819 | Y10: 767 | Z10: 4355 | AA10: 29.50542 | AB10: 4685 | AC10: 31.741192 | AD10: 24 | AE10: 20 | AF10: 8 | AG10: 52 | AH10: 0.35230352
E11: =AVERAGE(E3:E10) -> 20 | F11: =AVERAGE(F3:F10) -> 23512.5 | G11: =AVERAGE(G3:G10) -> 17.125 | H11: =AVERAGE(H3:H10) -> 20712.5 | I11: =AVERAGE(I3:I10) -> 8 | J11: =AVERAGE(J3:J10) -> 11037.5 | K11: =AVERAGE(K3:K10) -> 45.125 | L11: =AVERAGE(L3:L10) -> 55262.5 | ... AH11: =AVERAGE(AH3:AH10) -> 0.32919911
B14: 로 | C14: Heat No | D14: 강 종 | E14: M1 | G14: M2 | I14: R | K14: 계 | M14: 원단위 | Q14: 출강량 | R14: Lanma 산소 | W14: VLB 및 Burner 산소 | AB14: 산소계 | AD14: VLB 및 Burner 연료
E15: 시간 | F15: 전력 | G15: 시간 | H15: 전력 | I15: 시간 | J15: 전력 | K15: 시간 | L15: 전력 | M15: M1 | N15: M2 | O15: R | P15: 계 | R15: M1 | S15: M2 | T15: R | U15: 계 | V15: 원단위 | W15: M1 | X15: M2 | Y15: R | Z15: 계 | AA15: 원단위 | AB15: 사용량 | AC15: 원단위 | AD15: M1 | AE15: M2 | AF15: R | AG15: 계 | AH15: 원단위
B16: A | C16: 12188 | D16: SS400-01 | E16: 19 | F16: 23200 | G16: 17 | H16: 20400 | I16: 7 | J16: 8700 | K16: 43 | L16: 52300 | M16: 158.25375 | N16: 139.15416 | O16: 59.345157 | P16: 356.75307 | Q16: 146.6 | R16: 0 | S16: 176 | T16: 191 | U16: 367 | V16: 2.5034106 | W16: 1648 | X16: 1612 | Y16: 597 | Z16: 3857 | AA16: 26.309686 | AB16: 4224 | AC16: 28.813097 | AD16: 25 | AE16: 21 | AF16: 6 | AG16: 52 | AH16: 0.35470668
B17: A | C17: 12190 | D17: SS400-01 | E17: 21 | F17: 23600 | G17: 17 | H17: 20900 | I17: 7 | J17: 9000 | K17: 45 | L17: 53500 | M17: 160.65351 | N17: 142.27366 | O17: 61.266167 | P17: 364.19333 | Q17: 146.9 | R17: 0 | S17: 140 | T17: 202 | U17: 342 | V17: 2.3281144 | W17: 1740 | X17: 1680 | Y17: 652 | Z17: 4072 | AA17: 27.719537 | AB17: 4414 | AC17: 30.047651 | AD17: 22 | AE17: 20 | AF17: 7 | AG17: 49 | AH17: 0.33356025
B18: A | C18: 12192 | D18: SS400-04 | E18: 19 | F18: 24000 | G18: 18 | H18: 20700 | I18: 7 | J18: 9000 | K18: 44 | L18: 53700 | M18: 160.21362 | N18: 138.18425 | O18: 60.080107 | P18: 358.47797 | Q18: 149.8 | R18: 0 | S18: 180 | T18: 229 | U18: 409 | V18: 2.7303071 | W18: 1734 | X18: 1790 | Y18: 664 | Z18: 4188 | AA18: 27.957276 | AB18: 4597 | AC18: 30.687583 | AD18: 25 | AE18: 22 | AF18: 4 | AG18: 51 | AH18: 0.34045394
B19: A | C19: 12194 | D19: SS400-04 | E19: 20 | F19: 23600 | G19: 18 | H19: 20900 | I19: 8 | J19: 10600 | K19: 46 | L19: 55100 | M19: 161.31237 | N19: 142.85714 | O19: 72.453862 | P19: 376.62338 | Q19: 146.3 | R19: 0 | S19: 122 | T19: 249 | U19: 371 | V19: 2.5358852 | W19: 1727 | X19: 1686 | Y19: 808 | Z19: 4221 | AA19: 28.851675 | AB19: 4592 | AC19: 31.38756 | AD19: 24 | AE19: 19 | AF19: 6 | AG19: 49 | AH19: 0.33492823
B20: A | C20: 12196 | D20: SS400-04 | E20: 19 | F20: 23300 | G20: 18 | H20: 20700 | I20: 9 | J20: 10900 | K20: 46 | L20: 54900 | M20: 160.46832 | N20: 142.56198 | O20: 75.068871 | P20: 378.09917 | Q20: 145.2 | R20: 0 | S20: 203 | T20: 140 | U20: 343 | V20: 2.362259 | W20: 1671 | X20: 1618 | Y20: 872 | Z20: 4161 | AA20: 28.657025 | AB20: 4504 | AC20: 31.019284 | AD20: 23 | AE20: 24 | AF20: 0 | AG20: 47 | AH20: 0.32369146
B21: A | C21: 12198 | D21: SS400-04 | E21: 21 | F21: 23500 | G21: 18 | H21: 20500 | I21: 10 | J21: 12600 | K21: 49 | L21: 56600 | M21: 159.64674 | N21: 139.2663 | O21: 85.597826 | P21: 384.51087 | Q21: 147.2 | R21: 0 | S21: 177 | T21: 175 | U21: 352 | V21: 2.3913043 | W21: 1754 | X21: 1595 | Y21: 1110 | Z21: 4459 | AA21: 30.29212 | AB21: 4811 | AC21: 32.683424 | AD21: 23 | AE21: 25 | AF21: 0 | AG21: 48 | AH21: 0.32608696
B22: A | C22: 12200 | D22: SS400-04 | E22: 20 | F22: 23300 | G22: 17 | H22: 20800 | I22: 7 | J22: 8700 | K22: 44 | L22: 52800 | M22: 159.04437 | N22: 141.97952 | O22: 59.385666 | P22: 360.40956 | Q22: 146.5 | R22: 0 | S22: 205 | T22: 141 | U22: 346 | V22: 2.3617747 | W22: 1704 | X22: 1618 | Y22: 710 | Z22: 4032 | AA22: 27.522184 | AB22: 4378 | AC22: 29.883959 | AD22: 25 | AE22: 25 | AF22: 0 | AG22: 50 | AH22: 0.34129693
B23: A | C23: 12202 | D23: SS400-04 | E23: 21 | F23: 24500 | G23: 18 | H23: 20500 | I23: 8 | J23: 10900 | K23: 47 | L23: 55900 | M23: 165.98916 | N23: 138.88889 | O23: 73.848238 | P23: 378.72629 | Q23: 147.6 | R23: 0 | S23: 190 | T23: 174 | U23: 364 | V23: 2.4661247 | W23: 1755 | X23: 1603 | Y23: 880 | Z23: 4238 | AA23: 28.712737 | AB23: 4602 | AC23: 31.178862 | AD23: 23 | AE23: 26 | AF23: 0 | AG23: 49 | AH23: 0.33197832
B24: A | C24: 12204 | D24: SS400-04 | E24: 20 | F24: 23600 | G24: 17 | H24: 20600 | I24: 9 | J24: 11500 | K24: 46 | L24: 55700 | M24: 162.19931 | N24: 141.58076 | O24: 79.037801 | P24: 382.81787 | Q24: 145.5 | R24: 0 | S24: 175 | T24: 181 | U24: 356 | V24: 2.4467354 | W24: 1723 | X24: 1582 | Y24: 872 | Z24: 4177 | AA24: 28.707904 | AB24: 4533 | AC24: 31.154639 | AD24: 23 | AE24: 26 | AF24: 0 | AG24: 49 | AH24: 0.33676976
B25: A | C25: 12206 | D25: SS400-01 | E25: 19 | F25: 23600 | G25: 17 | H25: 20500 | I25: 9 | J25: 11400 | K25: 45 | L25: 55500 | M25: 159.45946 | N25: 138.51351 | O25: 77.027027 | P25: 375 | Q25: 148 | R25: 0 | S25: 145 | T25: 189 | U25: 334 | V25: 2.2567568 | W25: 1687 | X25: 1580 | Y25: 777 | Z25: 4044 | AA25: 27.324324 | AB25: 4378 | AC25: 29.581081 | AD25: 22 | AE25: 26 | AF25: 0 | AG25: 48 | AH25: 0.32432432
E26: =AVERAGE(E16:E25) -> 19.9 | F26: =AVERAGE(F16:F25) -> 23620 | G26: =AVERAGE(G16:G25) -> 17.5 | H26: =AVERAGE(H16:H25) -> 20650 | I26: =AVERAGE(I16:I25) -> 8.1 | J26: =AVERAGE(J16:J25) -> 10330 | K26: =AVERAGE(K16:K25) -> 45.5 | L26: =AVERAGE(L16:L25) -> 54600 | ... AH26: =AVERAGE(AH16:AH25) -> 0.33477968
E32: 11. 21
E33: Smart Arc Off | F33: A | S33: Yesterday | T33: A
F34: POT | G34: =K11 -> 45.125 | T34: POT | U34: 45.933333
F35: kwh/T | G35: =P11 -> 376.11542 | T35: kwh/T | U35: 372.04366
F36: kwh/Heat | G36: =L11 -> 55262.5 | T36: kwh/Heat | U36: 54820
F37: Tapping | G37: =Q11 -> 146.9375 | T37: Tapping | U37: 147.4
F38: B | T38: B
F39: POT | G39: =B!K11 -> 44.75 | T39: POT | U39: 45.7
F40: kwh/T | G40: =B!P11 -> 360.55091 | T40: kwh/T | U40: 370
F41: kwh/Heat | G41: =B!L11 -> 52875 | T41: kwh/Heat | U41: 54273
F42: Tapping | G42: =B!Q11 -> 146.65 | T42: Tapping | U42: 146.6
E43: Smart Arc On | F43: A | S43: Today | T43: A
F44: POT | G44: =K26 -> 45.5 | T44: POT | U44: 45.75
F45: kwh/T | G45: =P26 -> 371.56115 | T45: kwh/T | U45: 376.65885
F46: kwh/Heat | G46: =L26 -> 54600 | T46: kwh/Heat | U46: 55425
F47: Tapping | G47: =Q26 -> 146.96 | T47: Tapping | U47: 147.15
F48: B | T48: B
F49: POT | G49: =B!K26 -> 45.1 | T49: POT | U49: 44.25
F50: kwh/T | G50: =B!P26 -> 361.8072 | T50: kwh/T | U50: 362.06237
F51: kwh/Heat | G51: =B!L26 -> 53420 | T51: kwh/Heat | U51: 52950
F52: Tapping | G52: =B!Q26 -> 147.65 | T52: Tapping | U52: 146.25

Sheet B
B1: 로 | C1: Heat No | D1: 강 종 | E1: M1 | G1: M2 | I1: R | K1: 계 | M1: 원단위 | Q1: 출강량 | R1: Lanma 산소 | W1: VLB 및 Burner 산소 | AB1: 산소계 | AD1: VLB 및 Burner 연료
E2: 시간 | F2: 전력 | G2: 시간 | H2: 전력 | I2: 시간 | J2: 전력 | K2: 시간 | L2: 전력 | M2: M1 | N2: M2 | O2: R | P2: 계 | R2: M1 | S2: M2 | T2: R | U2: 계 | V2: 원단위 | W2: M1 | X2: M2 | Y2: R | Z2: 계 | AA2: 원단위 | AB2: 사용량 | AC2: 원단위 | AD2: M1 | AE2: M2 | AF2: R | AG2: 계 | AH2: 원단위
B3: B | C3: 12171 | D3: SS400-01 | E3: 21 | F3: 23600 | G3: 18 | H3: 21000 | I3: 6 | J3: 7400 | K3: 45 | L3: 52000 | M3: 161.97666 | N3: 144.13178 | O3: 50.789293 | P3: 356.89774 | Q3: 145.7 | R3: 0 | S3: 185 | T3: 140 | U3: 325 | V3: 2.2306108 | W3: 1773 | X3: 1691 | Y3: 695 | Z3: 4159 | AA3: 28.544955 | AB3: 4484 | AC3: 30.775566 | AD3: 26 | AE3: 29 | AF3: 0 | AG3: 55 | AH3: 0.37748799
B4: B | C4: 12173 | D4: SS400-01 | E4: 19 | F4: 23400 | G4: 18 | H4: 20700 | I4: 7 | J4: 8900 | K4: 44 | L4: 53000 | M4: 158.64407 | N4: 140.33898 | O4: 60.338983 | P4: 359.32203 | Q4: 147.5 | R4: 0 | S4: 190 | T4: 118 | U4: 308 | V4: 2.0881356 | W4: 1691 | X4: 1671 | Y4: 860 | Z4: 4222 | AA4: 28.623729 | AB4: 4530 | AC4: 30.711864 | AD4: 21 | AE4: 30 | AF4: 0 | AG4: 51 | AH4: 0.34576271
B5: B | C5: 12175 | D5: SS400-01 | E5: 20 | F5: 23400 | G5: 16 | H5: 20600 | I5: 7 | J5: 9100 | K5: 43 | L5: 53100 | M5: 161.82573 | N5: 142.46196 | O5: 62.932227 | P5: 367.21992 | Q5: 144.6 | R5: 0 | S5: 81 | T5: 253 | U5: 334 | V5: 2.3098202 | W5: 1683 | X5: 1613 | Y5: 737 | Z5: 4033 | AA5: 27.890733 | AB5: 4367 | AC5: 30.200553 | AD5: 24 | AE5: 27 | AF5: 0 | AG5: 51 | AH5: 0.3526971
B6: B | C6: 12177 | D6: SS400-01 | E6: 20 | F6: 23500 | G6: 18 | H6: 20900 | I6: 7 | J6: 9300 | K6: 45 | L6: 53700 | M6: 159.64674 | N6: 141.9837 | O6: 63.179348 | P6: 364.80978 | Q6: 147.2 | R6: 0 | S6: 237 | T6: 69 | U6: 306 | V6: 2.0788043 | W6: 1815 | X6: 1642 | Y6: 744 | Z6: 4201 | AA6: 28.539402 | AB6: 4507 | AC6: 30.618207 | AD6: 24 | AE6: 28 | AF6: 0 | AG6: 52 | AH6: 0.35326087
B7: B | C7: 12179 | D7: SS400-01 | E7: 21 | F7: 23300 | G7: 18 | H7: 20500 | I7: 8 | J7: 10600 | K7: 47 | L7: 54400 | M7: 157.85908 | N7: 138.88889 | O7: 71.815718 | P7: 368.56369 | Q7: 147.6 | R7: 0 | S7: 167 | T7: 143 | U7: 310 | V7: 2.100271 | W7: 1802 | X7: 1645 | Y7: 1047 | Z7: 4494 | AA7: 30.447154 | AB7: 4804 | AC7: 32.547425 | AD7: 24 | AE7: 27 | AF7: 0 | AG7: 51 | AH7: 0.34552846
B8: B | C8: 12181 | D8: SS400-01 | E8: 21 | F8: 23700 | G8: 19 | H8: 21100 | I8: 4 | J8: 5500 | K8: 44 | L8: 50300 | M8: 161.22449 | N8: 143.53741 | O8: 37.414966 | P8: 342.17687 | Q8: 147 | R8: 0 | S8: 229 | T8: 94 | U8: 323 | V8: 2.1972789 | W8: 1770 | X8: 1736 | Y8: 518 | Z8: 4024 | AA8: 27.37415 | AB8: 4347 | AC8: 29.571429 | AD8: 22 | AE8: 29 | AF8: 0 | AG8: 51 | AH8: 0.34693878
B9: B | C9: 12183 | D9: SS400-01 | E9: 20 | F9: 23500 | G9: 17 | H9: 20700 | I9: 6 | J9: 6800 | K9: 43 | L9: 51000 | M9: 160.40956 | N9: 141.29693 | O9: 46.416382 | P9: 348.12287 | Q9: 146.5 | R9: 0 | S9: 131 | T9: 216 | U9: 347 | V9: 2.3686007 | W9: 1737 | X9: 1607 | Y9: 536 | Z9: 3880 | AA9: 26.484642 | AB9: 4227 | AC9: 28.853242 | AD9: 22 | AE9: 29 | AF9: 0 | AG9: 51 | AH9: 0.34812287
B10: B | C10: 12185 | D10: SS400-01 | E10: 22 | F10: 23600 | G10: 17 | H10: 20600 | I10: 8 | J10: 11300 | K10: 47 | L10: 55500 | M10: 160.43508 | N10: 140.04079 | O10: 76.818491 | P10: 377.29436 | Q10: 147.1 | R10: 0 | S10: 145 | T10: 188 | U10: 333 | V10: 2.2637661 | W10: 1912 | X10: 1575 | Y10: 630 | Z10: 4117 | AA10: 27.987763 | AB10: 4450 | AC10: 30.25153 | AD10: 30 | AE10: 15 | AF10: 5 | AG10: 50 | AH10: 0.33990483
E11: =AVERAGE(E3:E10) -> 20.5 | F11: =AVERAGE(F3:F10) -> 23500 | G11: =AVERAGE(G3:G10) -> 17.625 | H11: =AVERAGE(H3:H10) -> 20762.5 | I11: =AVERAGE(I3:I10) -> 6.625 | J11: =AVERAGE(J3:J10) -> 8612.5 | K11: =AVERAGE(K3:K10) -> 44.75 | L11: =AVERAGE(L3:L10) -> 52875 | ... AH11: =AVERAGE(AH3:AH10) -> 0.35121295
B14: 로 | C14: Heat No | D14: 강 종 | E14: M1 | G14: M2 | I14: R | K14: 계 | M14: 원단위 | Q14: 출강량 | R14: Lanma 산소 | W14: VLB 및 Burner 산소 | AB14: 산소계 | AD14: VLB 및 Burner 연료
E15: 시간 | F15: 전력 | G15: 시간 | H15: 전력 | I15: 시간 | J15: 전력 | K15: 시간 | L15: 전력 | M15: M1 | N15: M2 | O15: R | P15: 계 | R15: M1 | S15: M2 | T15: R | U15: 계 | V15: 원단위 | W15: M1 | X15: M2 | Y15: R | Z15: 계 | AA15: 원단위 | AB15: 사용량 | AC15: 원단위 | AD15: M1 | AE15: M2 | AF15: R | AG15: 계 | AH15: 원단위
B16: B | C16: 12187 | D16: SS400-01 | E16: 21 | F16: 23900 | G16: 17 | H16: 20800 | I16: 8 | J16: 10700 | K16: 46 | L16: 55400 | M16: 161.81449 | N16: 140.826 | O16: 72.444144 | P16: 375.08463 | Q16: 147.7 | R16: 0 | S16: 247 | T16: 191 | U16: 438 | V16: 2.9654705 | W16: 1796 | X16: 1730 | Y16: 634 | Z16: 4160 | AA16: 28.1652 | AB16: 4598 | AC16: 31.13067 | AD16: 18 | AE16: 16 | AF16: 5 | AG16: 39 | AH16: 0.26404875
B17: B | C17: 12189 | D17: SS400-01 | E17: 20 | F17: 23300 | G17: 18 | H17: 20700 | I17: 7 | J17: 9400 | K17: 45 | L17: 53400 | M17: 157.64547 | N17: 140.05413 | O17: 63.599459 | P17: 361.29905 | Q17: 147.8 | R17: 0 | S17: 219 | T17: 158 | U17: 377 | V17: 2.5507442 | W17: 1708 | X17: 1644 | Y17: 605 | Z17: 3957 | AA17: 26.772666 | AB17: 4334 | AC17: 29.32341 | AD17: 18 | AE17: 19 | AF17: 6 | AG17: 43 | AH17: 0.29093369
B18: B | C18: 12191 | D18: SS400-01 | E18: 21 | F18: 24000 | G18: 17 | H18: 21000 | I18: 6 | J18: 8000 | K18: 44 | L18: 53000 | M18: 161.94332 | N18: 141.7004 | O18: 53.981107 | P18: 357.62483 | Q18: 148.2 | R18: 0 | S18: 228 | T18: 142 | U18: 370 | V18: 2.4966262 | W18: 1685 | X18: 1631 | Y18: 533 | Z18: 3849 | AA18: 25.97166 | AB18: 4219 | AC18: 28.468286 | AD18: 18 | AE18: 20 | AF18: 5 | AG18: 43 | AH18: 0.29014845
B19: B | C19: 12193 | D19: SS400-04 | E19: 21 | F19: 24300 | G19: 18 | H19: 20500 | I19: 7 | J19: 9100 | K19: 46 | L19: 53900 | M19: 164.85753 | N19: 139.07734 | O19: 61.736771 | P19: 365.67164 | Q19: 147.4 | R19: 0 | S19: 111 | T19: 238 | U19: 349 | V19: 2.3677069 | W19: 1727 | X19: 1695 | Y19: 630 | Z19: 4052 | AA19: 27.489824 | AB19: 4401 | AC19: 29.857531 | AD19: 20 | AE19: 21 | AF19: 6 | AG19: 47 | AH19: 0.31886024
B20: B | C20: 12195 | D20: SS400-04 | E20: 20 | F20: 23700 | G20: 18 | H20: 20900 | I20: 7 | J20: 9600 | K20: 45 | L20: 54200 | M20: 161.11489 | N20: 142.08022 | O20: 65.261727 | P20: 368.45683 | Q20: 147.1 | R20: 0 | S20: 152 | T20: 200 | U20: 352 | V20: 2.39293 | W20: 1748 | X20: 1594 | Y20: 765 | Z20: 4107 | AA20: 27.919782 | AB20: 4459 | AC20: 30.312712 | AD20: 21 | AE20: 29 | AF20: 0 | AG20: 50 | AH20: 0.33990483
B21: B | C21: 12197 | D21: SS400-04 | E21: 20 | F21: 23400 | G21: 18 | H21: 20800 | I21: 6 | J21: 7300 | K21: 44 | L21: 51500 | M21: 157.68194 | N21: 140.16173 | O21: 49.191375 | P21: 347.03504 | Q21: 148.4 | R21: 0 | S21: 143 | T21: 195 | U21: 338 | V21: 2.277628 | W21: 1705 | X21: 1698 | Y21: 648 | Z21: 4051 | AA21: 27.297844 | AB21: 4389 | AC21: 29.575472 | AD21: 22 | AE21: 29 | AF21: 0 | AG21: 51 | AH21: 0.34366577
B22: B | C22: 12199 | D22: SS400-04 | E22: 20 | F22: 23400 | G22: 18 | H22: 20600 | I22: 6 | J22: 7700 | K22: 44 | L22: 51700 | M22: 158.96739 | N22: 139.94565 | O22: 52.309783 | P22: 351.22283 | Q22: 147.2 | R22: 0 | S22: 111 | T22: 208 | U22: 319 | V22: 2.1671196 | W22: 1719 | X22: 1632 | Y22: 674 | Z22: 4025 | AA22: 27.34375 | AB22: 4344 | AC22: 29.51087 | AD22: 22 | AE22: 29 | AF22: 0 | AG22: 51 | AH22: 0.34646739
B23: B | C23: 12201 | D23: SS400-04 | E23: 21 | F23: 23500 | G23: 18 | H23: 20600 | I23: 6 | J23: 7700 | K23: 45 | L23: 51800 | M23: 159.43012 | N23: 139.75577 | O23: 52.238806 | P23: 351.42469 | Q23: 147.4 | R23: 0 | S23: 141 | T23: 197 | U23: 338 | V23: 2.2930801 | W23: 1676 | X23: 1638 | Y23: 590 | Z23: 3904 | AA23: 26.485753 | AB23: 4242 | AC23: 28.778833 | AD23: 23 | AE23: 30 | AF23: 0 | AG23: 53 | AH23: 0.35956581
B24: B | C24: 12203 | D24: SS400-04 | E24: 21 | F24: 23500 | G24: 18 | H24: 20900 | I24: 8 | J24: 9800 | K24: 47 | L24: 54200 | M24: 159.64674 | N24: 141.9837 | O24: 66.576087 | P24: 368.20652 | Q24: 147.2 | R24: 0 | S24: 130 | T24: 203 | U24: 333 | V24: 2.2622283 | W24: 1753 | X24: 1720 | Y24: 720 | Z24: 4193 | AA24: 28.485054 | AB24: 4526 | AC24: 30.747283 | AD24: 22 | AE24: 31 | AF24: 0 | AG24: 53 | AH24: 0.36005435
B25: B | C25: 12205 | D25: SS400-01 | E25: 19 | F25: 23400 | G25: 18 | H25: 20700 | I25: 8 | J25: 11000 | K25: 45 | L25: 55100 | M25: 158.00135 | N25: 139.77043 | O25: 74.274139 | P25: 372.04591 | Q25: 148.1 | R25: 23 | S25: 154 | T25: 136 | U25: 313 | V25: 2.1134369 | W25: 1720 | X25: 1583 | Y25: 832 | Z25: 4135 | AA25: 27.920324 | AB25: 4448 | AC25: 30.033761 | AD25: 23 | AE25: 30 | AF25: 0 | AG25: 53 | AH25: 0.35786631
E26: =AVERAGE(E16:E25) -> 20.4 | F26: =AVERAGE(F16:F25) -> 23640 | G26: =AVERAGE(G16:G25) -> 17.8 | H26: =AVERAGE(H16:H25) -> 20750 | I26: =AVERAGE(I16:I25) -> 6.9 | J26: =AVERAGE(J16:J25) -> 9030 | K26: =AVERAGE(K16:K25) -> 45.1 | L26: =AVERAGE(L16:L25) -> 53420 | ... AH26: =AVERAGE(AH16:AH25) -> 0.32715156
S33: Yesterday | T33: A
T34: POT | U34: 45.933333
T35: kwh/T | U35: 372.04366
T36: kwh/Heat | U36: 54820
T37: Tapping | U37: 147.4
T38: B
T39: POT | U39: 45.7
T40: kwh/T | U40: 370
T41: kwh/Heat | U41: 54273
T42: Tapping | U42: 146.6
S43: Today | T43: A
T44: POT | U44: 45.75
T45: kwh/T | U45: 376.65885
T46: kwh/Heat | U46: 55425
T47: Tapping | U47: 147.15
T48: B
T49: POT | U49: 44.25
T50: kwh/T | U50: 362.06237
T51: kwh/Heat | U51: 52950
T52: Tapping | U52: 146.25

Sheet Sheet4
A2: 월 일 | B2: 반 | C2: 로 | D2: Heat No | E2: 강 종 | F2: M1 | H2: M2 | J2: R | L2: 계 | N2: 원단위 | R2: 출강량
F3: 시간 | G3: 전력 | H3: 시간 | I3: 전력 | J3: 시간 | K3: 전력 | L3: 시간 | M3: 전력 | N3: M1 | O3: M2 | P3: R | Q3: 계
A4: 43425 | B4: B | C4: B | D4: 12189 | E4: SS400-01 | F4: 20 | G4: 23300 | H4: 18 | I4: 20700 | J4: 7 | K4: 9400 | L4: 45 | M4: 53400 | N4: 157.64547 | O4: 140.05413 | P4: 63.599459 | Q4: 361.29905 | R4: 147.8
A5: 43425 | B5: B | C5: A | D5: 12190 | E5: SS400-01 | F5: 21 | G5: 23600 | H5: 17 | I5: 20900 | J5: 7 | K5: 9000 | L5: 45 | M5: 53500 | N5: 160.65351 | O5: 142.27366 | P5: 61.266167 | Q5: 364.19333 | R5: 146.9
A6: 43425 | B6: B | C6: B | D6: 12191 | E6: SS400-01 | F6: 21 | G6: 24000 | H6: 17 | I6: 21000 | J6: 6 | K6: 8000 | L6: 44 | M6: 53000 | N6: 161.94332 | O6: 141.7004 | P6: 53.981107 | Q6: 357.62483 | R6: 148.2
A7: 43425 | B7: B | C7: A | D7: 12192 | E7: SS400-04 | F7: 19 | G7: 24000 | H7: 18 | I7: 20700 | J7: 7 | K7: 9000 | L7: 44 | M7: 53700 | N7: 160.21362 | O7: 138.18425 | P7: 60.080107 | Q7: 358.47797 | R7: 149.8
A8: 43425 | B8: B | C8: B | D8: 12193 | E8: SS400-04 | F8: 21 | G8: 24300 | H8: 18 | I8: 20500 | J8: 7 | K8: 9100 | L8: 46 | M8: 53900 | N8: 164.85753 | O8: 139.07734 | P8: 61.736771 | Q8: 365.67164 | R8: 147.4
A9: 43425 | B9: B | C9: A | D9: 12194 | E9: SS400-04 | F9: 20 | G9: 23600 | H9: 18 | I9: 20900 | J9: 8 | K9: 10600 | L9: 46 | M9: 55100 | N9: 161.31237 | O9: 142.85714 | P9: 72.453862 | Q9: 376.62338 | R9: 146.3
A10: 43425 | B10: D | C10: B | D10: 12195 | E10: SS400-04 | F10: 20 | G10: 23700 | H10: 18 | I10: 20900 | J10: 7 | K10: 9600 | L10: 45 | M10: 54200 | N10: 161.11489 | O10: 142.08022 | P10: 65.261727 | Q10: 368.45683 | R10: 147.1
A11: 43425 | B11: D | C11: A | D11: 12196 | E11: SS400-04 | F11: 19 | G11: 23300 | H11: 18 | I11: 20700 | J11: 9 | K11: 10900 | L11: 46 | M11: 54900 | N11: 160.46832 | O11: 142.56198 | P11: 75.068871 | Q11: 378.09917 | R11: 145.2
A12: 43425 | B12: D | C12: B | D12: 12197 | E12: SS400-04 | F12: 20 | G12: 23400 | H12: 18 | I12: 20800 | J12: 6 | K12: 7300 | L12: 44 | M12: 51500 | N12: 157.68194 | O12: 140.16173 | P12: 49.191375 | Q12: 347.03504 | R12: 148.4
A13: 43425 | B13: D | C13: A | D13: 12198 | E13: SS400-04 | F13: 21 | G13: 23500 | H13: 18 | I13: 20500 | J13: 10 | K13: 12600 | L13: 49 | M13: 56600 | N13: 159.64674 | O13: 139.2663 | P13: 85.597826 | Q13: 384.51087 | R13: 147.2
A14: 43425 | B14: D | C14: B | D14: 12199 | E14: SS400-04 | F14: 20 | G14: 23400 | H14: 18 | I14: 20600 | J14: 6 | K14: 7700 | L14: 44 | M14: 51700 | N14: 158.96739 | O14: 139.94565 | P14: 52.309783 | Q14: 351.22283 | R14: 147.2
A15: 43425 | B15: D | C15: A | D15: 12200 | E15: SS400-04 | F15: 20 | G15: 23300 | H15: 17 | I15: 20800 | J15: 7 | K15: 8700 | L15: 44 | M15: 52800 | N15: 159.04437 | O15: 141.97952 | P15: 59.385666 | Q15: 360.40956 | R15: 146.5
A18: 월 일 | B18: Lanma 산소 | G18: VLB 및 Burner 산소 | L18: 산소계 | N18: VLB 및 Burner 연료
B19: M1 | C19: M2 | D19: R | E19: 계 | F19: 원단위 | G19: M1 | H19: M2 | I19: R | J19: 계 | K19: 원단위 | L19: 사용량 | M19: 원단위 | N19: M1 | O19: M2 | P19: R | Q19: 계 | R19: 원단위
A20: 43425 | B20: 0 | C20: 219 | D20: 158 | E20: 377 | F20: 2.5507442 | G20: 1708 | H20: 1644 | I20: 605 | J20: 3957 | K20: 26.772666 | L20: 4334 | M20: 29.32341 | N20: 18 | O20: 19 | P20: 6 | Q20: 43 | R20: 0.29093369
A21: 43425 | B21: 0 | C21: 140 | D21: 202 | E21: 342 | F21: 2.3281144 | G21: 1740 | H21: 1680 | I21: 652 | J21: 4072 | K21: 27.719537 | L21: 4414 | M21: 30.047651 | N21: 22 | O21: 20 | P21: 7 | Q21: 49 | R21: 0.33356025
A22: 43425 | B22: 0 | C22: 228 | D22: 142 | E22: 370 | F22: 2.4966262 | G22: 1685 | H22: 1631 | I22: 533 | J22: 3849 | K22: 25.97166 | L22: 4219 | M22: 28.468286 | N22: 18 | O22: 20 | P22: 5 | Q22: 43 | R22: 0.29014845
A23: 43425 | B23: 0 | C23: 180 | D23: 229 | E23: 409 | F23: 2.7303071 | G23: 1734 | H23: 1790 | I23: 664 | J23: 4188 | K23: 27.957276 | L23: 4597 | M23: 30.687583 | N23: 25 | O23: 22 | P23: 4 | Q23: 51 | R23: 0.34045394
A24: 43425 | B24: 0 | C24: 111 | D24: 238 | E24: 349 | F24: 2.3677069 | G24: 1727 | H24: 1695 | I24: 630 | J24: 4052 | K24: 27.489824 | L24: 4401 | M24: 29.857531 | N24: 20 | O24: 21 | P24: 6 | Q24: 47 | R24: 0.31886024
A25: 43425 | B25: 0 | C25: 122 | D25: 249 | E25: 371 | F25: 2.5358852 | G25: 1727 | H25: 1686 | I25: 808 | J25: 4221 | K25: 28.851675 | L25: 4592 | M25: 31.38756 | N25: 24 | O25: 19 | P25: 6 | Q25: 49 | R25: 0.33492823
A26: 43425 | B26: 0 | C26: 152 | D26: 200 | E26: 352 | F26: 2.39293 | G26: 1748 | H26: 1594 | I26: 765 | J26: 4107 | K26: 27.919782 | L26: 4459 | M26: 30.312712 | N26: 21 | O26: 29 | P26: 0 | Q26: 50 | R26: 0.33990483
A27: 43425 | B27: 0 | C27: 203 | D27: 140 | E27: 343 | F27: 2.362259 | G27: 1671 | H27: 1618 | I27: 872 | J27: 4161 | K27: 28.657025 | L27: 4504 | M27: 31.019284 | N27: 23 | O27: 24 | P27: 0 | Q27: 47 | R27: 0.32369146
A28: 43425 | B28: 0 | C28: 143 | D28: 195 | E28: 338 | F28: 2.277628 | G28: 1705 | H28: 1698 | I28: 648 | J28: 4051 | K28: 27.297844 | L28: 4389 | M28: 29.575472 | N28: 22 | O28: 29 | P28: 0 | Q28: 51 | R28: 0.34366577
A29: 43425 | B29: 0 | C29: 177 | D29: 175 | E29: 352 | F29: 2.3913043 | G29: 1754 | H29: 1595 | I29: 1110 | J29: 4459 | K29: 30.29212 | L29: 4811 | M29: 32.683424 | N29: 23 | O29: 25 | P29: 0 | Q29: 48 | R29: 0.32608696
A30: 43425 | B30: 0 | C30: 111 | D30: 208 | E30: 319 | F30: 2.1671196 | G30: 1719 | H30: 1632 | I30: 674 | J30: 4025 | K30: 27.34375 | L30: 4344 | M30: 29.51087 | N30: 22 | O30: 29 | P30: 0 | Q30: 51 | R30: 0.34646739
A31: 43425 | B31: 0 | C31: 205 | D31: 141 | E31: 346 | F31: 2.3617747 | G31: 1704 | H31: 1618 | I31: 710 | J31: 4032 | K31: 27.522184 | L31: 4378 | M31: 29.883959 | N31: 25 | O31: 25 | P31: 0 | Q31: 50 | R31: 0.34129693

Sheet 문자메세지
A1: ※ 2020년 1월 1일部 오전반부터 적용
A2: *오전.오후반
A4: 1. 생산강종: SHN40(BB)(출강량:138.0톤)
A5: 2. 현재 생산 Heats : 14ch(21:57)
A6: 금일 생산 예정 Heats : 31ch (3:29분경)
A7: 3. TTT: 124.2분
A8: 4. POT: 50.7분
A9: 5. 전력: 412Kwh/ton
A10: 6. 용락카본 : 7.67개 . 용존산소: 611.8PPM
A11: 7. LF 도착 카본 : 8.0 Fe-Si 투입량 : 101.75
A12: 8. 연연주수 : 5-5연주
A13: 9. 개방Str : 2.3.4.5.str
... A42: 연주:예비 T/D SES 체결외 이상무.

Sheet 인수인계
A1: 조업 인수 인계 사항
A2: 월 일 | B2: 반 | C2: 구분 | D2: 시 간 | E2: 내 용 | F2: 인수확인 | G2: 조치여부
A3: 43657 | B3: A | C3: O | E3: 명일 전량 09시30분전 완료. A로 열간 보수재 디스팬서 비울것.B로 착화빌렛 작은거준비(발코니 교체).야간 앙카스 4포씩 준비 | G3: 현 대리
E4: 7/17주간보수 전량출강 10시 A로 천정 누수부분 용접함 B로 #1키브젯 토출라인 호스교체 A로 EBT 오프너 실린더교체 앙카하스 A로4포준비
E5: 7/25 주간보수 전량출강 10시 주요보수사항 1) A로 EBT 동판넬 교체 작업 (8hr) 2) A로 Roof 누수부 Cover해체 용접 작업 3) B/F 모터 교체 4) B로 WCP S-14 set 교체 7/24 야간반 앙카스 4포씩 올려주세요 7/25 전량출강 끝내고 B/F Off 후 전기실 연락 부탁드립니다
E6: 8/5 주간보수 전량출강 10시 주요보수사항 1) B로 WCP S-9, 11 교체 및 #3 VLB 동판넬 교체 2) A/B로 루프 누수 용접 3) 연소탑 #7-1 냉각판넬 교체 (50톤 지상크레인 사용) 야간반 A로측 앙카스 4포 올려주시기 바랍니다.
E7: 8/9 주간보수 전량 10시 주요보수사항 1) A/B로 루프 용접 2) C-1 호이스트 저항 점검 (오후 30분 정도), C-2 보권 브레이크 교체 (09~오전중 완료) 3) A/B로 중 작업구 연와 및 전극봉 교체 예정 야간반 앙카스 4포씩 올려주시기 바랍니다. 작업구 전극봉 1개 작업상으로 올려주시기 바랍니다. (B로 하부()
E8: 8/21 주간보수 전량 10시 주요보수사항 1) A/B로 ROOF 누수부 용접 및 노즐 점검 청소 2) B로 부원료 고정슈트(LD) 세트 교체 (50톤 지상크레인) 5~6시간 소요 (중간에 ROOF 2시간 CLOSE) 3) A로 WCP S-13 SET 교체 4) A로 작업구 전극봉 교체 5) B로 고철대차 로드셀 및 케이블릴 점검 야간반 앙카스 4포 A로에 올려주세요 작업구 전극봉 1개 A로 작업상에 올려주세요 (A로 하부 몽짜 옆에 있습니다)
E9: 8/27 주간보수 전량출강 10시 주요보수사항 1) A/B로 ROOF 누수부 용접 2) A로 JAM COOLER 용손 교체 3) 연소탑 2-2, 2-3 수냉판넬 교체 4) LF A/B로 누수부 용접 5) A/B로 고철대차 점검 야간반 앙카스 4포씩 올려주세요
E11: 12/13 주간보수 전량 10시 주요보수사항 1) A로 EBT Slag Cutter 교체 2) A로 전극연결 발판 보강작업 3) B/F 진동 관련 점검 (~16시) 야간반 앙카스 4포씩 올려주세요
E12: 12/26 주간보수 10시 전량 주요보수사항 1) A로 WCP S-11,14 SET교체 2) A로 ROOF 선회 LOCK PIN 교체 3) A로 #2VLB 동판넬 교체 (#2카브젯 원복) 4) A로 전극 스프레이 링 교체 (5파이) 5) B로 경동 수평 조정 및 스테빌라이져 라이너 조정 6) B/F 진동 소음 관련 점검 요청사항 1) 전량 후 A로 전극취외 2) 전일 18시부터 몽짜/유탕 장입 제외 3) 야간반 앙카스 올리기
E14: 12/30일오후부터크레인청소함니다 .
A17: 1월5일 | E17: 인계사항 : 주간보수 전날 앙카하스(스탐핑재) 전기로작업상 올릴때 반드시 작업구와 멀리 올려주세요 포대 불붓어 문재발생됨 전기로 앞쪽말고 옆쪽(3시.9시방향)
A19: 43849 | B19: B | E19: CaO90% 14번 벙커에 탄 500kg 혼입된 상태임 참고사항 . L/F 19번벙커 가탄재에 생석회 혼입추정(3458~3459h 250kg투입 카본3개 높아짐)/19벙커중단 20번벙커 가탄재 사용정상
B99: =IF(E99="","",B98)
B100: =IF(E100="","",B99)
B101: =IF(E101="","",B100)
B102: =IF(E102="","",B101)
B103: =IF(E103="","",B102)
B104: =IF(E104="","",B103)
B105: =IF(E105="","",B104)
B106: =IF(E106="","",B105)
B107: =IF(E107="","",B106)
B108: =IF(E108="","",B107)
B109: =IF(E109="","",B108)
B110: =IF(E110="","",B109)
... B510: =IF(E510="","",B509)
A511: =IF(E511="","",A510) | B511: =IF(E511="","",B510)

Sheet 09월 조업일지
A1: 2026년 09 전기로 조업일지 | J1: 누계 | K1: =COUNT(J$12:J$952) -> 819 | M1: =IF($K1=0,"",SUM(J$12:J$952)/K1) -> 52.764347 | N1: =IF($K1=0,"",SUM(K$12:K$952)/K1) -> 5.2100122 | O1: =IF(K1=0,"",M1-N1) -> 47.554335 | P1: 작업율 | Q1: =IF(K1=0,"",O1/M1*100) -> 90.125885 | R1: 시간당 | S1: =IF(K1=0,"",'09월 에너지'!S10/(M1/60)) -> 163.24232 | U1: CCTV 조작 不(매뉴얼) | AB1: CCTV P/W : q1w2e3r4t5
A2: 당월 집행 계획 생산성 목표 | U2: 1. A로 계단 부근 CCTV 판넬 open
A3: 구분 | D3: 형강재 | H3: 봉강재 | K3: 구분 | N3: 형강재 | P3: 봉강재 | U3: 2. EBT 작업상 랜케이블 취부 및 재연결
A4: TTT | B4: 정상 CH | D4: 47.7 | H4: 48.4 | K4: Ton/ch | N4: 145.8 | P4: 145.5 | U4: ※CCTV 재연결 최대 5분 소요
B5: 열간보수 CH | D5: 49.7 | H5: 50.4 | K5: ch/일 | N5: 30 | P5: 29.6
A6: 월 누계 | B6: =MAX(A12:A952) -> 46296 | C6: =MAX(A12:A952) -> 46296 | J6: 반 | K6: Ch수 | M6: T.T.T | N6: 고장시간 | O6: 고장제외 | P6: 반 | Q6: Ch수 | R6: T.T.T | S6: 고장시간 | T6: 고장제외 | Z6: 열간보수 평균 사용량 | AB6: 月보수기 불량 건수 | AG6: 분 탄 평 균 | AH6: 전기로톤당원가 | AJ6: 로 | AK6: Ch수 | AL6: T.T.T | AM6: 고장시간 | AN6: 고장제외 | AO6: 전 극 | AP6: 로 | AQ6: 사용갯수 | AR6: 사용량 | AS6: 출강량 | AT6: 원단위 | AU6: TOTAL | AV6: Event
C7: 제외 | E7: 고장 | G7: 계 | H7: 작업율 | I7: ton/hr | J7: A | K7: =COUNTIF(E$12:E$952,J7) -> 207 | M7: =IF(K7=0,"",SUMIF(E$12:E$952,J7,J$12:J$952)/K7) -> 49.062802 | N7: =IF(K7=0,"",SUMIF($E$12:$E$952,J7,K$12:K$952)/K7) -> 1.7536232 | O7: =M7-N7 -> 47.309179 | P7: C | Q7: =COUNTIF(E$12:E$952,P7) -> 194 | R7: =IF(Q7=0,"",SUMIF(E$12:E$952,P7,J$12:J$952)/Q7) -> 61.06701 | S7: =IF(Q7=0,"",SUMIF($E$12:$E$952,P7,K$12:K$952)/Q7) -> 12.381443 | T7: =R7-S7 -> 48.685567 | AJ7: A | AK7: =COUNTIF(F$12:F$952,AJ7) -> 414 | AL7: =IF(AK7=0,"",SUMIF(F$12:F$952,AJ7,J$12:J$952)/AK7) -> 50.886473 | AM7: =IF(AK7=0,"",SUMIF($F$12:$F$952,AJ7,K$12:K$952)/AK7) -> 3.8864734 | AN7: =AL7-AM7 -> 47 | AP7: A | AQ7: =COUNTIFS(F$12:F$952,"A",AR$12:AR$952,1) -> 31 | AR7: =IF(AQ7=0,"",SUMIF(F$12:F$952,"A",AQ$12:AQ$952)) -> 63757 | AS7: =IF(AR7=0,"",SUMIF(F$12:F$952,"A",Z$12:Z$952)) -> 59424.86 | AT7: =AR7/AS7 -> 1.0729011 | AU7: =(AR7+AR8)/(AS7+AS8) -> 1.0319952
A8: =COUNT(J12:J952) -> 819 | B8: =COUNTIF($A$12:$A$952,$B6) -> 1 | C8: 48 | D8: =AVERAGE(K41:K952) -> 51.337349 | E8: =SUMIFS(일별반별!E6:E160,일별반별!A6:A160,C6,일별반별!B6:B160,"일") -> 0 | G8: 47.4 | H8: =C8/G8*100 -> 101.26582 | I8: =SUMIFS(일별반별!AU6:AU160,일별반별!A6:A160,C6,일별반별!B6:B160,"일")/G8*60 -> 0 | J8: B | K8: =COUNTIF(E$12:E$952,J8) -> 205 | M8: =IF(K8=0,"",SUMIF(E$12:E$952,J8,J$12:J$952)/K8) -> 49.004878 | N8: =IF(K8=0,"",SUMIF($E$12:$E$952,J8,K$12:K$952)/K8) -> 1.3756098 | O8: =M8-N8 -> 47.629268 | P8: D | Q8: =COUNTIF(E$12:E$952,P8) -> 213 | R8: =IF(Q8=0,"",SUMIF(E$12:E$952,P8,J$12:J$952)/Q8) -> 52.41784 | S8: =IF(Q8=0,"",SUMIF($E$12:$E$952,P8,K$12:K$952)/Q8) -> 5.7276995 | T8: =R8-S8 -> 46.690141 | Z8: =AVERAGEIFS(AA10:AA950,AA10:AA950,"<>0") -> 2232.4545 | AB8: =COUNTIFS(AB12:AB950,"불량") -> 0 | AG8: =AVERAGEIFS(AG12:AG952,AG12:AG952,"<>0") -> 2005.8254 | AJ8: B | AK8: =COUNTIF(F$12:F$952,AJ8) -> 405 | AL8: =IF(F12=0,"",SUMIF(F$12:F$952,AJ8,J$12:J$952)/AK8) -> 54.683951 | AM8: =IF($F12=0,"",SUMIF($F$12:$F$952,AJ8,K$12:K$952)/AK8) -> 6.562963 | AN8: =AL8-AM8 -> 48.120988 | AP8: B | AQ8: =COUNTIFS(F$12:F$952,"B",AS$12:AS$952,1) -> 27 | AR8: =IF(AQ8=0,"",SUMIF(F$12:F$952,"B",AQ$12:AQ$952)) -> 57438 | AS8: =IF(AR8=0,"",SUMIF(F$12:F$952,"B",Z$12:Z$952)) -> 58012.7 | AT8: =AR8/AS8 -> 0.99009355
F9: 전
A10: 생산기준 월 일 | B10: 반 기준 월 일 | C10: Heat수 | E10: 반 | F10: 로 | G10: H-NO. | H10: Tap to Tap | K10: 고장 시간 | O10: 고 장 내 용 | U10: T/C | V10: 몽짜 | W10: 지금 | X10: 유탕 | Y10: 금형 | Z10: 출강량 | AA10: 열간보수 사용량(Kg) | AB10: 보수기 불량 여부 (양호/불량) | AC10: 열간보수 개소 | AG10: 분 탄 | AH10: 연주 연주수 | AI10: 구 분 | AJ10: LF Fe-Si | AK10: 산소 | AL10: C | AM10: SLAG 이월량(ton) | AN10: 출강 소요 시간 | AO10: 전극 사용 현황 | AT10: SLAG 이월%
C11: 일 | D11: 월 | H11: 예정 | I11: 0.1375 | J11: TTT | K11: 내 | L11: 외 | M11: 개시 | N11: 종료 | AC11: 작업구 | AD11: 발코니 | AE11: 2차 라인 | AF11: VLB 하단 | AI11: 도착온도 | AK11: PPM | AO11: 제조사 | AP11: 제조번호 | AQ11: 중 량 | AR11: A로 | AS11: B로
A12: 46266 | B12: 46265 | C12: 1 | D12: 1 | E12: D | F12: B | G12: 85214 | H12: =IF(ISBLANK(I11),H11+C$8/1440,I11+C$8/1440) -> 0.17083333 | I12: 0.16875 | J12: =IF(I12="","",IF(I12<I11,(I12-I11)*1440+1440,(I12-I11)*1440)) -> 45 | N12: =IF(M12="","",M12+K12/1440) | O12: SHN400(BL) | U12: 1.8 | V12: 2.7 | W12: 1.5 | Z12: ='09월 에너지'!S14 -> 144.3 | AG12: ='09월 화학성분'!AM12 -> 1675 | AH12: 9 | AI12: 1563 | AJ12: 0 | AK12: 819 | AL12: 4 | AM12: =IF(AT12="","",3*'09월 에너지'!S14*(1/(3+7.8*(100-AT12)/AT12))) -> 0.16680795 | AN12: 0.19236111 | AS12: 6 | AT12: 0.3
A13: =IF(I13="","",A12) -> 46266 | B13: =IF(J13="","",B12) -> 46265 | C13: =IF(I13="","",IF(A13=A12,C12+1,1)) -> 2 | D13: =IF(C13="","",D12+1) -> 2 | E13: =IF(C13="","",E12) -> D | F13: =IF(C13="","",IF(F12="A","B","A")) -> A | G13: =IF(C13="","",G12+1) -> 85215 | H13: =IF(ISBLANK(I12),H12+C$8/1440,I12+C$8/1440) -> 0.20208333 | I13: 0.20069444 | J13: =IF(I13="","",IF(I13<I12,(I13-I12)*1440+1440,(I13-I12)*1440)) -> 46 | N13: =IF(M13="","",M13+K13/1440) | O13: 고철+5톤 | U13: 1.8 | Y13: 2.8 | Z13: ='09월 에너지'!S15 -> 143.9 | AG13: ='09월 화학성분'!AM13 -> 2621 | AH13: =IF(I13="","",AH12+1) -> 10 | AI13: 1568 | AJ13: 0 | AK13: 603 | AL13: 6 | AM13: =IF(AT13="","",3*'09월 에너지'!S15*(1/(3+7.8*(100-AT13)/AT13))) -> 0.22193091 | AN13: 0.19305556 | AR13: 13 | AT13: 0.4
A14: =IF(I14="","",A13) -> 46266 | B14: =IF(J14="","",B13) -> 46265 | C14: =IF(I14="","",IF(A14=A13,C13+1,1)) -> 3 | D14: =IF(C14="","",D13+1) -> 3 | E14: =IF(C14="","",E13) -> D | F14: =IF(C14="","",IF(F13="A","B","A")) -> B | G14: =IF(C14="","",G13+1) -> 85216 | H14: =IF(ISBLANK(I13),H13+C$8/1440,I13+C$8/1440) -> 0.23402778 | I14: 0.23402778 | J14: =IF(I14="","",IF(I14<I13,(I14-I13)*1440+1440,(I14-I13)*1440)) -> 48 | N14: =IF(M14="","",M14+K14/1440) | O14: 열간보수 | U14: 1.8 | Y14: 2.6 | Z14: ='09월 에너지'!S16 -> 145.9 | AA14: 2390 | AB14: 양호 | AC14: O | AF14: O | AG14: ='09월 화학성분'!AM14 -> 1560 | AH14: =IF(I14="","",AH13+1) -> 11 | AI14: 1555 | AJ14: 0 | AK14: 623 | AL14: 6 | AM14: =IF(AT14="","",3*'09월 에너지'!S16*(1/(3+7.8*(100-AT14)/AT14))) -> 0.79244258 | AN14: 0.18611111 | AR14: =IF(F14="A",IFERROR(IF(I14="","",IF(F14="A",AR13+1," ")),AR12+1),"") | AS14: 7 | AT14: 1.4
A15: =IF(I15="","",A14) -> 46266 | B15: =IF(J15="","",B14) -> 46265 | C15: =IF(I15="","",IF(A15=A14,C14+1,1)) -> 4 | D15: =IF(C15="","",D14+1) -> 4 | E15: =IF(C15="","",E14) -> D | F15: =IF(C15="","",IF(F14="A","B","A")) -> A | G15: =IF(C15="","",G14+1) -> 85217 | H15: =IF(ISBLANK(I14),H14+C$8/1440,I14+C$8/1440) -> 0.26736111 | I15: 0.26736111 | J15: =IF(I15="","",IF(I15<I14,(I15-I14)*1440+1440,(I15-I14)*1440)) -> 48 | N15: =IF(M15="","",M15+K15/1440) | O15: 열간보수 | U15: 1.8 | V15: 2.5 | W15: 1.4 | Z15: ='09월 에너지'!S17 -> 144.7 | AA15: 1422 | AB15: 양호 | AC15: O | AF15: O | AG15: ='09월 화학성분'!AM15 -> 2355 | AH15: =IF(I15="","",AH14+1) -> 12 | AI15: 1587 | AJ15: 0 | AK15: 336 | AL15: 13 | AM15: =IF(AT15="","",3*'09월 에너지'!S17*(1/(3+7.8*(100-AT15)/AT15))) -> 0.33516059 | AN15: 0.17847222 | AR15: =IF(F15="A",IFERROR(IF(I15="","",IF(F15="A",AR14+1," ")),AR13+1),"") -> 14 | AS15: =IFERROR(IF($I15="","",IF($F15="B",AS14+1," ")),AS13+1) | AT15: 0.6
A16: =IF(I16="","",A15) -> 46266 | B16: 46266 | C16: =IF(I16="","",IF(A16=A15,C15+1,1)) -> 5 | D16: =IF(C16="","",D15+1) -> 5 | E16: A | F16: =IF(C16="","",IF(F15="A","B","A")) -> B | G16: =IF(C16="","",G15+1) -> 85218 | H16: =IF(ISBLANK(I15),H15+C$8/1440,I15+C$8/1440) -> 0.30069444 | I16: 0.29791667 | J16: =IF(I16="","",IF(I16<I15,(I16-I15)*1440+1440,(I16-I15)*1440)) -> 44 | N16: =IF(M16="","",M16+K16/1440) | U16: 1.8 | V16: 2.4 | W16: 1.6 | Z16: ='09월 에너지'!S18 -> 148.1 | AG16: ='09월 화학성분'!AM16 -> 2144 | AH16: =IF(I16="","",AH15+1) -> 13 | AI16: 1553 | AJ16: 21 | AK16: 358 | AL16: 12 | AM16: =IF(AT16="","",3*'09월 에너지'!S18*(1/(3+7.8*(100-AT16)/AT16))) -> 0.40045581 | AN16: 0.20694444 | AR16: =IF(F16="A",IFERROR(IF(I16="","",IF(F16="A",AR15+1," ")),AR14+1),"") | AS16: =IFERROR(IF($I16="","",IF($F16="B",AS15+1," ")),AS14+1) -> 8 | AT16: 0.7
A17: =IF(I17="","",A16) -> 46266 | B17: =IF(J17="","",B16) -> 46266 | C17: =IF(I17="","",IF(A17=A16,C16+1,1)) -> 6 | D17: =IF(C17="","",D16+1) -> 6 | E17: =IF(C17="","",E16) -> A | F17: =IF(C17="","",IF(F16="A","B","A")) -> A | G17: =IF(C17="","",G16+1) -> 85219 | H17: =IF(ISBLANK(I16),H16+C$8/1440,I16+C$8/1440) -> 0.33125 | I17: 0.33541667 | J17: =IF(I17="","",IF(I17<I16,(I17-I16)*1440+1440,(I17-I16)*1440)) -> 54 | L17: 4 | N17: =IF(M17="","",M17+K17/1440) | O17: 초장 아크不 조업 지연, 탈산 | U17: 1.8 | Y17: 2.9 | Z17: ='09월 에너지'!S19 -> 143.2 | AG17: ='09월 화학성분'!AM17 -> 2382 | AH17: =IF(I17="","",AH16+1) -> 14 | AI17: 1622 | AJ17: 0 | AK17: 1061 | AL17: 3 | AM17: =IF(AT17="","",3*'09월 에너지'!S19*(1/(3+7.8*(100-AT17)/AT17))) -> 1.1152648 | AN17: 0.20069444 | AR17: =IF(F17="A",IFERROR(IF(I17="","",IF(F17="A",AR16+1," ")),AR15+1),"") -> 15 | AS17: =IFERROR(IF($I17="","",IF($F17="B",AS16+1," ")),AS15+1) | AT17: 2
A18: =IF(I18="","",A17) -> 46266 | B18: =IF(J18="","",B17) -> 46266 | C18: =IF(I18="","",IF(A18=A17,C17+1,1)) -> 7 | D18: =IF(C18="","",D17+1) -> 7 | E18: =IF(C18="","",E17) -> A | F18: =IF(C18="","",IF(F17="A","B","A")) -> B | G18: =IF(C18="","",G17+1) -> 85220 | H18: =IF(ISBLANK(I17),H17+C$8/1440,I17+C$8/1440) -> 0.36875 | I18: 0.37013889 | J18: =IF(I18="","",IF(I18<I17,(I18-I17)*1440+1440,(I18-I17)*1440)) -> 50 | L18: 3 | N18: =IF(M18="","",M18+K18/1440) | O18: 열간보수, 로내 보이링 C 상승(5→17) 온도 저하 재송전 | U18: 1.8 | Y18: 2.5 | Z18: ='09월 에너지'!S20 -> 148 | AA18: 2461 | AB18: 양호 | AC18: O | AF18: O | AG18: ='09월 화학성분'!AM18 -> 2282 | AH18: =IF(I18="","",AH17+1) -> 15 | AI18: 1546 | AJ18: 0 | AK18: 381 | AL18: 11 | AM18: =IF(AT18="","",3*'09월 에너지'!S20*(1/(3+7.8*(100-AT18)/AT18))) -> 0.056958128 | AN18: 0.19930556 | AR18: =IF(F18="A",IFERROR(IF(I18="","",IF(F18="A",AR17+1," ")),AR16+1),"") | AS18: =IFERROR(IF($I18="","",IF($F18="B",AS17+1," ")),AS16+1) -> 9 | AT18: 0.1
A19: =IF(I19="","",A18) -> 46266 | B19: =IF(J19="","",B18) -> 46266 | C19: =IF(I19="","",IF(A19=A18,C18+1,1)) -> 8 | D19: =IF(C19="","",D18+1) -> 8 | E19: =IF(C19="","",E18) -> A | F19: =IF(C19="","",IF(F18="A","B","A")) -> A | G19: =IF(C19="","",G18+1) -> 85221 | H19: =IF(ISBLANK(I18),H18+C$8/1440,I18+C$8/1440) -> 0.40347222 | I19: 0.40069444 | J19: =IF(I19="","",IF(I19<I18,(I19-I18)*1440+1440,(I19-I18)*1440)) -> 44 | N19: =IF(M19="","",M19+K19/1440) | O19: 전극연결(대기로 송전不) | U19: 1.8 | V19: 2.8 | Z19: ='09월 에너지'!S21 -> 147.7 | AG19: ='09월 화학성분'!AM19 -> 1886 | AH19: =IF(I19="","",AH18+1) -> 16 | AI19: 1568 | AJ19: 0 | AK19: 419 | AL19: 10 | AM19: =IF(AT19="","",3*'09월 에너지'!S21*(1/(3+7.8*(100-AT19)/AT19))) -> 0.39937423 | AN19: 0.20069444 | AO19: S.D.K | AP19: 2000032 | AQ19: 2136 | AR19: 1 | AS19: =IFERROR(IF($I19="","",IF($F19="B",AS18+1," ")),AS17+1) | AT19: 0.7
A20: =IF(I20="","",A19) -> 46266 | B20: =IF(J20="","",B19) -> 46266 | C20: =IF(I20="","",IF(A20=A19,C19+1,1)) -> 9 | D20: =IF(C20="","",D19+1) -> 9 | E20: =IF(C20="","",E19) -> A | F20: =IF(C20="","",IF(F19="A","B","A")) -> B | G20: =IF(C20="","",G19+1) -> 85222 | H20: =IF(ISBLANK(I19),H19+C$8/1440,I19+C$8/1440) -> 0.43402778 | I20: 0.43472222 | J20: =IF(I20="","",IF(I20<I19,(I20-I19)*1440+1440,(I20-I19)*1440)) -> 49 | L20: 4 | N20: =IF(M20="","",M20+K20/1440) | O20: 고철누름 (2'), 탈탄(2', C 21) | U20: 1.8 | X20: 3.2 | Z20: ='09월 에너지'!S22 -> 147.3 | AG20: ='09월 화학성분'!AM20 -> 1482 | AH20: =IF(I20="","",AH19+1) -> 17 | AI20: 1553 | AJ20: 0 | AK20: 273 | AL20: 17 | AM20: =IF(AT20="","",3*'09월 에너지'!S22*(1/(3+7.8*(100-AT20)/AT20))) -> 1.9673947 | AN20: 0.18402778 | AR20: =IF(F20="A",IFERROR(IF(I20="","",IF(F20="A",AR19+1," ")),AR18+1),"") | AS20: =IFERROR(IF($I20="","",IF($F20="B",AS19+1," ")),AS18+1) -> 10 | AT20: 3.4
A21: =IF(I21="","",A20) -> 46266 | B21: =IF(J21="","",B20) -> 46266 | C21: =IF(I21="","",IF(A21=A20,C20+1,1)) -> 10 | D21: =IF(C21="","",D20+1) -> 10 | E21: =IF(C21="","",E20) -> A | F21: =IF(C21="","",IF(F20="A","B","A")) -> A | G21: =IF(C21="","",G20+1) -> 85223 | H21: =IF(ISBLANK(I20),H20+C$8/1440,I20+C$8/1440) -> 0.46805556 | I21: 0.46458333 | J21: =IF(I21="","",IF(I21<I20,(I21-I20)*1440+1440,(I21-I20)*1440)) -> 43 | N21: =IF(M21="","",M21+K21/1440) | U21: 1.8 | Y21: 2.6 | Z21: ='09월 에너지'!S23 -> 149.4 | AG21: ='09월 화학성분'!AM21 -> 1717 | AH21: =IF(I21="","",AH20+1) -> 18 | AI21: 1612 | AJ21: 0 | AK21: 609 | AL21: 7 | AM21: =IF(AT21="","",3*'09월 에너지'!S23*(1/(3+7.8*(100-AT21)/AT21))) -> 0.52003403 | AN21: 0.21111111 | AR21: =IF(F21="A",IFERROR(IF(I21="","",IF(F21="A",AR20+1," ")),AR19+1),"") -> 2 | AS21: =IFERROR(IF($I21="","",IF($F21="B",AS20+1," ")),AS19+1) | AT21: 0.9
A22: =IF(I22="","",A21) -> 46266 | B22: =IF(J22="","",B21) -> 46266 | C22: =IF(I22="","",IF(A22=A21,C21+1,1)) -> 11 | D22: =IF(C22="","",D21+1) -> 11 | E22: =IF(C22="","",E21) -> A | F22: =IF(C22="","",IF(F21="A","B","A")) -> B | G22: =IF(C22="","",G21+1) -> 85224 | H22: =IF(ISBLANK(I21),H21+C$8/1440,I21+C$8/1440) -> 0.49791667 | I22: 0.49791667 | J22: =IF(I22="","",IF(I22<I21,(I22-I21)*1440+1440,(I22-I21)*1440)) -> 48 | N22: =IF(M22="","",M22+K22/1440) | O22: SS400-05 | U22: 1.8 | Y22: 2.8 | Z22: ='09월 에너지'!S24 -> 147.3 | AG22: ='09월 화학성분'!AM22 -> 2026 | AH22: =IF(I22="","",AH21+1) -> 19 | AI22: 1568 | AJ22: 103 | AK22: 436 | AL22: 9 | AM22: =IF(AT22="","",3*'09월 에너지'!S24*(1/(3+7.8*(100-AT22)/AT22))) -> 1.9673947 | AN22: 0.20555556 | AR22: =IF(F22="A",IFERROR(IF(I22="","",IF(F22="A",AR21+1," ")),AR20+1),"") | AS22: =IFERROR(IF($I22="","",IF($F22="B",AS21+1," ")),AS20+1) -> 11 | AT22: 3.4
A23: =IF(I23="","",A22) -> 46266 | B23: =IF(J23="","",B22) -> 46266 | C23: =IF(I23="","",IF(A23=A22,C22+1,1)) -> 12 | D23: =IF(C23="","",D22+1) -> 12 | E23: =IF(C23="","",E22) -> A | F23: =IF(C23="","",IF(F22="A","B","A")) -> A | G23: =IF(C23="","",G22+1) -> 85225 | H23: =IF(ISBLANK(I22),H22+C$8/1440,I22+C$8/1440) -> 0.53125 | I23: 0.52847222 | J23: =IF(I23="","",IF(I23<I22,(I23-I22)*1440+1440,(I23-I22)*1440)) -> 44 | L23: 3 | N23: =IF(M23="","",M23+K23/1440) | O23: 탈탄(C 19) | U23: 1.8 | Y23: 2.8 | Z23: ='09월 에너지'!S25 -> 149.9 | AG23: ='09월 화학성분'!AM23 -> 1568 | AH23: =IF(I23="","",AH22+1) -> 20 | AI23: 1538 | AJ23: 0 | AK23: 474 | AL23: 9 | AM23: =IF(AT23="","",3*'09월 에너지'!S25*(1/(3+7.8*(100-AT23)/AT23))) -> 0.58010836 | AN23: 0.19097222 | AR23: =IF(F23="A",IFERROR(IF(I23="","",IF(F23="A",AR22+1," ")),AR21+1),"") -> 3 | AS23: =IFERROR(IF($I23="","",IF($F23="B",AS22+1," ")),AS21+1) | AT23: 1
A24: =IF(I24="","",A23) -> 46266 | B24: =IF(J24="","",B23) -> 46266 | C24: =IF(I24="","",IF(A24=A23,C23+1,1)) -> 13 | D24: =IF(C24="","",D23+1) -> 13 | E24: =IF(C24="","",E23) -> A | F24: =IF(C24="","",IF(F23="A","B","A")) -> B | G24: =IF(C24="","",G23+1) -> 85226 | H24: =IF(ISBLANK(I23),H23+C$8/1440,I23+C$8/1440) -> 0.56180556 | I24: 0.55833333 | J24: =IF(I24="","",IF(I24<I23,(I24-I23)*1440+1440,(I24-I23)*1440)) -> 43 | N24: =IF(M24="","",M24+K24/1440) | U24: 1.8 | Y24: 3 | Z24: ='09월 에너지'!S26 -> 145.4 | AG24: ='09월 화학성분'!AM24 -> 1861 | AH24: =IF(I24="","",AH23+1) -> 21 | AI24: 1549 | AJ24: 58 | AK24: 341 | AL24: 13 | AM24: =IF(AT24="","",3*'09월 에너지'!S26*(1/(3+7.8*(100-AT24)/AT24))) -> 2.058842 | AN24: 0.18055556 | AR24: =IF(F24="A",IFERROR(IF(I24="","",IF(F24="A",AR23+1," ")),AR22+1),"") | AS24: =IFERROR(IF($I24="","",IF($F24="B",AS23+1," ")),AS22+1) -> 12 | AT24: 3.6
A25: =IF(I25="","",A24) -> 46266 | B25: =IF(J25="","",B24) -> 46266 | C25: =IF(I25="","",IF(A25=A24,C24+1,1)) -> 14 | D25: =IF(C25="","",D24+1) -> 14 | E25: =IF(C25="","",E24) -> A | F25: =IF(C25="","",IF(F24="A","B","A")) -> A | G25: =IF(C25="","",G24+1) -> 85227 | H25: =IF(ISBLANK(I24),H24+C$8/1440,I24+C$8/1440) -> 0.59166667 | I25: 0.58888889 | J25: =IF(I25="","",IF(I25<I24,(I25-I24)*1440+1440,(I25-I24)*1440)) -> 44 | N25: =IF(M25="","",M25+K25/1440) | U25: 1.8 | V25: 2.6 | W25: 1.5 | Z25: ='09월 에너지'!S27 -> 143.7 | AA25: 2467 | AB25: 양호 | AC25: O | AF25: O | AG25: ='09월 화학성분'!AM25 -> 1409 | AH25: =IF(I25="","",AH24+1) -> 22 | AI25: 1557 | AJ25: 153 | AK25: 543 | AL25: 7 | AM25: =IF(AT25="","",3*'09월 에너지'!S27*(1/(3+7.8*(100-AT25)/AT25))) -> 1.4033203 | AN25: 0.20972222 | AR25: =IF(F25="A",IFERROR(IF(I25="","",IF(F25="A",AR24+1," ")),AR23+1),"") -> 4 | AS25: =IFERROR(IF($I25="","",IF($F25="B",AS24+1," ")),AS23+1) | AT25: 2.5
A26: =IF(I26="","",A25) -> 46266 | B26: =IF(J26="","",B25) -> 46266 | C26: =IF(I26="","",IF(A26=A25,C25+1,1)) -> 15 | D26: =IF(C26="","",D25+1) -> 15 | E26: C | F26: =IF(C26="","",IF(F25="A","B","A")) -> B | G26: =IF(C26="","",G25+1) -> 85228 | H26: =IF(ISBLANK(I25),H25+C$8/1440,I25+C$8/1440) -> 0.62222222 | I26: 0.625 | J26: =IF(I26="","",IF(I26<I25,(I26-I25)*1440+1440,(I26-I25)*1440)) -> 52 | N26: =IF(M26="","",M26+K26/1440) | O26: S3 크레인 그라플 교체 스케쥴 조정 | U26: 1.8 | V26: 2.8 | W26: 1.5 | Z26: ='09월 에너지'!S28 -> 143.7 | AG26: ='09월 화학성분'!AM26 -> 3171 | AH26: =IF(I26="","",AH25+1) -> 23 | AI26: 1579 | AJ26: 111 | AK26: 557 | AL26: 7 | AM26: =IF(AT26="","",3*'09월 에너지'!S28*(1/(3+7.8*(100-AT26)/AT26))) -> 1.5746713 | AN26: 0.16666667 | AR26: =IF(F26="A",IFERROR(IF(I26="","",IF(F26="A",AR25+1," ")),AR24+1),"") | AS26: =IFERROR(IF($I26="","",IF($F26="B",AS25+1," ")),AS24+1) -> 13 | AT26: 2.8
A27: =IF(I27="","",A26) -> 46266 | B27: =IF(J27="","",B26) -> 46266 | C27: =IF(I27="","",IF(A27=A26,C26+1,1)) -> 16 | D27: =IF(C27="","",D26+1) -> 16 | E27: =IF(C27="","",E26) -> C | F27: =IF(C27="","",IF(F26="A","B","A")) -> A | G27: =IF(C27="","",G26+1) -> 85229 | H27: =IF(ISBLANK(I26),H26+C$8/1440,I26+C$8/1440) -> 0.65833333 | I27: 0.65972222 | J27: =IF(I27="","",IF(I27<I26,(I27-I26)*1440+1440,(I27-I26)*1440)) -> 50 | K27: 1 | M27: 0.64722222 | N27: =IF(M27="","",M27+K27/1440) -> 0.64791667 | O27: WCP S3-10 로체온도 상승 | U27: 1.8 | Y27: 2.5 | Z27: ='09월 에너지'!S29 -> 143.9 | AG27: ='09월 화학성분'!AM27 -> 1998 | AH27: =IF(I27="","",AH26+1) -> 24 | AI27: 1598 | AJ27: 133 | AK27: 862 | AL27: 4 | AM27: =IF(AT27="","",3*'09월 에너지'!S29*(1/(3+7.8*(100-AT27)/AT27))) -> 1.5195948 | AN27: 0.23611111 | AR27: =IF(F27="A",IFERROR(IF(I27="","",IF(F27="A",AR26+1," ")),AR25+1),"") -> 5 | AS27: =IFERROR(IF($I27="","",IF($F27="B",AS26+1," ")),AS25+1) | AT27: 2.7
A28: =IF(I28="","",A27) -> 46266 | B28: =IF(J28="","",B27) -> 46266 | C28: =IF(I28="","",IF(A28=A27,C27+1,1)) -> 17 | D28: =IF(C28="","",D27+1) -> 17 | E28: =IF(C28="","",E27) -> C | F28: =IF(C28="","",IF(F27="A","B","A")) -> B | G28: =IF(C28="","",G27+1) -> 85230 | H28: =IF(ISBLANK(I27),H27+C$8/1440,I27+C$8/1440) -> 0.69305556 | I28: 0.69652778 | J28: =IF(I28="","",IF(I28<I27,(I28-I27)*1440+1440,(I28-I27)*1440)) -> 53 | L28: 2 | N28: =IF(M28="","",M28+K28/1440) | O28: 열간보수.고철+5톤.고철누름.S3 크레인 그라플 교체완료 정상장입 | U28: 1.8 | Y28: 2.6 | Z28: ='09월 에너지'!S30 -> 142.7 | AA28: 2519 | AB28: 양호 | AC28: O | AF28: O | AG28: ='09월 화학성분'!AM28 -> 1766 | AH28: =IF(I28="","",AH27+1) -> 25 | AI28: 1572 | AJ28: 0 | AK28: 587 | AL28: 7 | AM28: =IF(AT28="","",3*'09월 에너지'!S30*(1/(3+7.8*(100-AT28)/AT28))) -> 0.44124923 | AN28: 0.16736111 | AR28: =IF(F28="A",IFERROR(IF(I28="","",IF(F28="A",AR27+1," ")),AR26+1),"") | AS28: =IFERROR(IF($I28="","",IF($F28="B",AS27+1," ")),AS26+1) -> 14 | AT28: 0.8
A29: =IF(I29="","",A28) -> 46266 | B29: =IF(J29="","",B28) -> 46266 | C29: =IF(I29="","",IF(A29=A28,C28+1,1)) -> 18 | D29: =IF(C29="","",D28+1) -> 18 | E29: =IF(C29="","",E28) -> C | F29: =IF(C29="","",IF(F28="A","B","A")) -> A | G29: =IF(C29="","",G28+1) -> 85231 | H29: =IF(ISBLANK(I28),H28+C$8/1440,I28+C$8/1440) -> 0.72986111 | I29: 0.72916667 | J29: =IF(I29="","",IF(I29<I28,(I29-I28)*1440+1440,(I29-I28)*1440)) -> 47 | N29: =IF(M29="","",M29+K29/1440) | U29: 1.8 | V29: 2.7 | W29: 1.4 | Z29: ='09월 에너지'!S31 -> 142.3 | AG29: ='09월 화학성분'!AM29 -> 2352 | AH29: =IF(I29="","",AH28+1) -> 26 | AI29: 1593 | AJ29: 138 | AK29: 860 | AL29: 4 | AM29: =IF(AT29="","",3*'09월 에너지'!S31*(1/(3+7.8*(100-AT29)/AT29))) -> 1.6160323 | AN29: 0.18263889 | AR29: =IF(F29="A",IFERROR(IF(I29="","",IF(F29="A",AR28+1," ")),AR27+1),"") -> 6 | AS29: =IFERROR(IF($I29="","",IF($F29="B",AS28+1," ")),AS27+1) | AT29: 2.9
A30: =IF(I30="","",A29) -> 46266 | B30: =IF(J30="","",B29) -> 46266 | C30: =IF(I30="","",IF(A30=A29,C29+1,1)) -> 19 | D30: =IF(C30="","",D29+1) -> 19 | E30: =IF(C30="","",E29) -> C | F30: =IF(C30="","",IF(F29="A","B","A")) -> B | G30: =IF(C30="","",G29+1) -> 85232 | H30: =IF(ISBLANK(I29),H29+C$8/1440,I29+C$8/1440) -> 0.7625 | I30: 0.76111111 | J30: =IF(I30="","",IF(I30<I29,(I30-I29)*1440+1440,(I30-I29)*1440)) -> 46 | N30: =IF(M30="","",M30+K30/1440) | U30: 1.8 | V30: 2.5 | W30: 1.2 | Z30: ='09월 에너지'!S32 -> 144.1 | AG30: ='09월 화학성분'!AM30 -> 2390 | AH30: =IF(I30="","",AH29+1) -> 27 | AI30: 1561 | AJ30: 54 | AK30: 595 | AL30: 6 | AM30: =IF(AT30="","",3*'09월 에너지'!S32*(1/(3+7.8*(100-AT30)/AT30))) -> 0.83909161 | AN30: 0.16319444 | AR30: =IF(F30="A",IFERROR(IF(I30="","",IF(F30="A",AR29+1," ")),AR28+1),"") | AS30: =IFERROR(IF($I30="","",IF($F30="B",AS29+1," ")),AS28+1) -> 15 | AT30: 1.5
A31: =IF(I31="","",A30) -> 46266 | B31: =IF(J31="","",B30) -> 46266 | C31: =IF(I31="","",IF(A31=A30,C30+1,1)) -> 20 | D31: =IF(C31="","",D30+1) -> 20 | E31: =IF(C31="","",E30) -> C | F31: =IF(C31="","",IF(F30="A","B","A")) -> A | G31: =IF(C31="","",G30+1) -> 85233 | H31: =IF(ISBLANK(I30),H30+C$8/1440,I30+C$8/1440) -> 0.79444444 | I31: 0.79444444 | J31: =IF(I31="","",IF(I31<I30,(I31-I30)*1440+1440,(I31-I30)*1440)) -> 48 | N31: =IF(M31="","",M31+K31/1440) | O31: 고철+5톤 | U31: 1.8 | Y31: 2.6 | Z31: ='09월 에너지'!S33 -> 143.8 | AG31: ='09월 화학성분'!AM31 -> 3066 | AH31: =IF(I31="","",AH30+1) -> 28 | AI31: 1581 | AJ31: 42 | AK31: 835 | AL31: 4 | AM31: =IF(AT31="","",3*'09월 에너지'!S33*(1/(3+7.8*(100-AT31)/AT31))) -> 0.89372281 | AN31: 0.15486111 | AR31: =IF(F31="A",IFERROR(IF(I31="","",IF(F31="A",AR30+1," ")),AR29+1),"") -> 7 | AS31: =IFERROR(IF($I31="","",IF($F31="B",AS30+1," ")),AS29+1) | AT31: 1.6
A32: =IF(I32="","",A31) -> 46266 | B32: =IF(J32="","",B31) -> 46266 | C32: =IF(I32="","",IF(A32=A31,C31+1,1)) -> 21 | D32: =IF(C32="","",D31+1) -> 21 | E32: =IF(C32="","",E31) -> C | F32: =IF(C32="","",IF(F31="A","B","A")) -> B | G32: =IF(C32="","",G31+1) -> 85234 | H32: =IF(ISBLANK(I31),H31+C$8/1440,I31+C$8/1440) -> 0.82777778 | I32: 0.82777778 | J32: =IF(I32="","",IF(I32<I31,(I32-I31)*1440+1440,(I32-I31)*1440)) -> 48 | N32: =IF(M32="","",M32+K32/1440) | O32: 전극연결.열간보수.고철+5톤 | U32: 1.8 | Y32: 2.6 | Z32: ='09월 에너지'!S34 -> 144.3 | AA32: 1990 | AB32: 양호 | AD32: O | AF32: O | AG32: ='09월 화학성분'!AM32 -> 1647 | AH32: =IF(I32="","",AH31+1) -> 29 | AI32: 1554 | AJ32: 0 | AK32: 424 | AL32: 10 | AM32: =IF(AT32="","",3*'09월 에너지'!S34*(1/(3+7.8*(100-AT32)/AT32))) -> 1.2948268 | AN32: 0.16180556 | AO32: S.D.K | AP32: 2000031 | AQ32: 2125 | AR32: =IF(F32="A",IFERROR(IF(I32="","",IF(F32="A",AR31+1," ")),AR30+1),"") | AS32: 1 | AT32: 2.3 | AV32: A로 보수재 4포충진
A33: =IF(I33="","",A32) -> 46266 | B33: =IF(J33="","",B32) -> 46266 | C33: =IF(I33="","",IF(A33=A32,C32+1,1)) -> 22 | D33: =IF(C33="","",D32+1) -> 22 | E33: =IF(C33="","",E32) -> C | F33: =IF(C33="","",IF(F32="A","B","A")) -> A | G33: =IF(C33="","",G32+1) -> 85235 | H33: =IF(ISBLANK(I32),H32+C$8/1440,I32+C$8/1440) -> 0.86111111 | I33: 0.85972222 | J33: =IF(I33="","",IF(I33<I32,(I33-I32)*1440+1440,(I33-I32)*1440)) -> 46 | N33: =IF(M33="","",M33+K33/1440) | O33: EBT 몽짜막힘(출강량 小) | U33: 1.8 | V33: 3.6 | X33: X | Z33: ='09월 에너지'!S35 -> 132.7 | AG33: ='09월 화학성분'!AM33 -> 3014 | AH33: =IF(I33="","",AH32+1) -> 30 | AI33: 1533 | AJ33: 24 | AK33: 628 | AL33: 6 | AM33: =IF(AT33="","",3*'09월 에너지'!S35*(1/(3+7.8*(100-AT33)/AT33))) -> 0.41032777 | AN33: 0.24513889 | AR33: =IF(F33="A",IFERROR(IF(I33="","",IF(F33="A",AR32+1," ")),AR31+1),"") -> 8 | AS33: =IFERROR(IF($I33="","",IF($F33="B",AS32+1," ")),AS31+1) | AT33: 0.8
A34: =IF(I34="","",A33) -> 46266 | B34: =IF(J34="","",B33) -> 46266 | C34: =IF(I34="","",IF(A34=A33,C33+1,1)) -> 23 | D34: =IF(C34="","",D33+1) -> 23 | E34: =IF(C34="","",E33) -> C | F34: =IF(C34="","",IF(F33="A","B","A")) -> B | G34: =IF(C34="","",G33+1) -> 85236 | H34: =IF(ISBLANK(I33),H33+C$8/1440,I33+C$8/1440) -> 0.89305556 | I34: 0.89166667 | J34: =IF(I34="","",IF(I34<I33,(I34-I33)*1440+1440,(I34-I33)*1440)) -> 46 | N34: =IF(M34="","",M34+K34/1440) | O34: 고철+5톤 | U34: 1.8 | X34: 3.7 | Z34: ='09월 에너지'!S36 -> 144.4 | AG34: ='09월 화학성분'!AM34 -> 2094 | AH34: =IF(I34="","",AH33+1) -> 31 | AI34: 1573 | AJ34: 62 | AK34: 740 | AL34: 56 | AM34: =IF(AT34="","",3*'09월 에너지'!S36*(1/(3+7.8*(100-AT34)/AT34))) -> 0.55882353 | AN34: 0.15 | AR34: =IF(F34="A",IFERROR(IF(I34="","",IF(F34="A",AR33+1," ")),AR32+1),"") | AS34: =IFERROR(IF($I34="","",IF($F34="B",AS33+1," ")),AS32+1) -> 2 | AT34: 1
A35: =IF(I35="","",A34) -> 46266 | B35: =IF(J35="","",B34) -> 46266 | C35: =IF(I35="","",IF(A35=A34,C34+1,1)) -> 24 | D35: =IF(C35="","",D34+1) -> 24 | E35: =IF(C35="","",E34) -> C | F35: =IF(C35="","",IF(F34="A","B","A")) -> A | G35: =IF(C35="","",G34+1) -> 85237 | H35: =IF(ISBLANK(I34),H34+C$8/1440,I34+C$8/1440) -> 0.925 | I35: 0.9375 | J35: =IF(I35="","",IF(I35<I34,(I35-I34)*1440+1440,(I35-I34)*1440)) -> 66 | K35: 5 | M35: 0.89166667 | N35: =IF(M35="","",M35+K35/1440) -> 0.89513889 | O35: 지락발생 수회.고철누름(5').수동송전(7').고철-5톤 | U35: 1.8 | Y35: 2.5 | Z35: ='09월 에너지'!S37 -> 143.5 | AG35: ='09월 화학성분'!AM35 -> 3004 | AH35: =IF(I35="","",AH34+1) -> 32 | AI35: 1545 | AJ35: 28 | AK35: 482 | AL35: 8 | AM35: =IF(AT35="","",3*'09월 에너지'!S37*(1/(3+7.8*(100-AT35)/AT35))) -> 1.1742129 | AN35: 0.20833333 | AR35: =IF(F35="A",IFERROR(IF(I35="","",IF(F35="A",AR34+1," ")),AR33+1),"") -> 9 | AS35: =IFERROR(IF($I35="","",IF($F35="B",AS34+1," ")),AS33+1) | AT35: 2.1
A36: =IF(I36="","",A35) -> 46266 | B36: =IF(J36="","",B35) -> 46266 | C36: =IF(I36="","",IF(A36=A35,C35+1,1)) -> 25 | D36: =IF(C36="","",D35+1) -> 25 | E36: D | F36: =IF(C36="","",IF(F35="A","B","A")) -> B | G36: =IF(C36="","",G35+1) -> 85238 | H36: =IF(ISBLANK(I35),H35+C$8/1440,I35+C$8/1440) -> 0.97083333 | I36: 0.97152778 | J36: =IF(I36="","",IF(I36<I35,(I36-I35)*1440+1440,(I36-I35)*1440)) -> 49 | N36: =IF(M36="","",M36+K36/1440) | O36: 전력5800경 지락 수회발생 수동송전,유탕미용해 | U36: 1.8 | Y36: 2.7 | Z36: ='09월 에너지'!S38 -> 144.3 | AG36: ='09월 화학성분'!AM36 -> 1367 | AH36: =IF(I36="","",AH35+1) -> 33 | AI36: 1602 | AJ36: 81 | AK36: 749 | AL36: 5 | AM36: =IF(AT36="","",3*'09월 에너지'!S38*(1/(3+7.8*(100-AT36)/AT36))) -> 1.180759 | AN36: 0.15833333 | AR36: =IF(F36="A",IFERROR(IF(I36="","",IF(F36="A",AR35+1," ")),AR34+1),"") | AS36: =IFERROR(IF($I36="","",IF($F36="B",AS35+1," ")),AS34+1) -> 3 | AT36: 2.1
A37: =IF(I37="","",A36) -> 46266 | B37: =IF(J37="","",B36) -> 46266 | C37: =IF(I37="","",IF(A37=A36,C36+1,1)) -> 26 | D37: =IF(C37="","",D36+1) -> 26 | E37: =IF(C37="","",E36) -> D | F37: =IF(C37="","",IF(F36="A","B","A")) -> A | G37: =IF(C37="","",G36+1) -> 85239 | H37: =IF(ISBLANK(I36),H36+C$8/1440,I36+C$8/1440) -> 1.0048611 | I37: 0.0020833333 | J37: =IF(I37="","",IF(I37<I36,(I37-I36)*1440+1440,(I37-I36)*1440)) -> 44 | N37: =IF(M37="","",M37+K37/1440) | U37: 1.8 | Y37: 2.6 | Z37: ='09월 에너지'!S39 -> 143.5 | AG37: ='09월 화학성분'!AM37 -> 1406 | AH37: =IF(I37="","",AH36+1) -> 34 | AI37: 1583 | AJ37: 0 | AK37: 577 | AL37: 7 | AM37: =IF(AT37="","",3*'09월 에너지'!S39*(1/(3+7.8*(100-AT37)/AT37))) -> 0.7794072 | AN37: 0.16527778 | AR37: =IF(F37="A",IFERROR(IF(I37="","",IF(F37="A",AR36+1," ")),AR35+1),"") -> 10 | AS37: =IFERROR(IF($I37="","",IF($F37="B",AS36+1," ")),AS35+1) | AT37: 1.4
A38: =IF(I38="","",A37) -> 46266 | B38: =IF(J38="","",B37) -> 46266 | C38: =IF(I38="","",IF(A38=A37,C37+1,1)) -> 27 | D38: =IF(C38="","",D37+1) -> 27 | E38: =IF(C38="","",E37) -> D | F38: =IF(C38="","",IF(F37="A","B","A")) -> B | G38: =IF(C38="","",G37+1) -> 85240 | H38: =IF(ISBLANK(I37),H37+C$8/1440,I37+C$8/1440) -> 0.035416667 | I38: 0.034027778 | J38: =IF(I38="","",IF(I38<I37,(I38-I37)*1440+1440,(I38-I37)*1440)) -> 46 | N38: =IF(M38="","",M38+K38/1440) | O38: 측온不,소손,그라인딩,유탕미용해 | U38: 1.8 | Y38: 2.8 | Z38: ='09월 에너지'!S40 -> 143.7 | AG38: ='09월 화학성분'!AM38 -> 1546 | AH38: =IF(I38="","",AH37+1) -> 35 | AI38: 1600 | AJ38: 90 | AK38: X | AL38: X | AM38: =IF(AT38="","",3*'09월 에너지'!S40*(1/(3+7.8*(100-AT38)/AT38))) -> 1.1191589 | AN38: 0.15902778 | AR38: =IF(F38="A",IFERROR(IF(I38="","",IF(F38="A",AR37+1," ")),AR36+1),"") | AS38: =IFERROR(IF($I38="","",IF($F38="B",AS37+1," ")),AS36+1) -> 4 | AT38: 2
A39: =IF(I39="","",A38) -> 46266 | B39: =IF(J39="","",B38) -> 46266 | C39: =IF(I39="","",IF(A39=A38,C38+1,1)) -> 28 | D39: =IF(C39="","",D38+1) -> 28 | E39: =IF(C39="","",E38) -> D | F39: =IF(C39="","",IF(F38="A","B","A")) -> A | G39: =IF(C39="","",G38+1) -> 85241 | H39: =IF(ISBLANK(I38),H38+C$8/1440,I38+C$8/1440) -> 0.067361111 | I39: 0.063888889 | J39: =IF(I39="","",IF(I39<I38,(I39-I38)*1440+1440,(I39-I38)*1440)) -> 43 | N39: =IF(M39="","",M39+K39/1440) | O39: 고철+5톤 | U39: 1.8 | Y39: 2.9 | Z39: ='09월 에너지'!S41 -> 143.9 | AG39: ='09월 화학성분'!AM39 -> 1777 | AH39: =IF(I39="","",AH38+1) -> 36 | AI39: 1572 | AJ39: 0 | AK39: 590 | AL39: 7 | AM39: =IF(AT39="","",3*'09월 에너지'!S41*(1/(3+7.8*(100-AT39)/AT39))) -> 0.4449598 | AN39: 0.16527778 | AR39: =IF(F39="A",IFERROR(IF(I39="","",IF(F39="A",AR38+1," ")),AR37+1),"") -> 11 | AS39: =IFERROR(IF($I39="","",IF($F39="B",AS38+1," ")),AS37+1) | AT39: 0.8
A40: =IF(I40="","",A39) -> 46266 | B40: =IF(J40="","",B39) -> 46266 | C40: =IF(I40="","",IF(A40=A39,C39+1,1)) -> 29 | D40: =IF(C40="","",D39+1) -> 29 | E40: =IF(C40="","",E39) -> D | F40: =IF(C40="","",IF(F39="A","B","A")) -> B | G40: =IF(C40="","",G39+1) -> 85242 | H40: =IF(ISBLANK(I39),H39+C$8/1440,I39+C$8/1440) -> 0.097222222 | I40: 0.095138889 | J40: =IF(I40="","",IF(I40<I39,(I40-I39)*1440+1440,(I40-I39)*1440)) -> 45 | N40: =IF(M40="","",M40+K40/1440) | O40: 홀더교체 | U40: 1.8 | Y40: 2.8 | Z40: ='09월 에너지'!S42 -> 144.1 | AG40: ='09월 화학성분'!AM40 -> 1512 | AH40: =IF(I40="","",AH39+1) -> 37 | AI40: 1579 | AJ40: 56 | AK40: 739 | AL40: 5 | AM40: =IF(AT40="","",3*'09월 에너지'!S42*(1/(3+7.8*(100-AT40)/AT40))) -> 1.6939655 | AN40: 0.15069444 | AR40: =IF(F40="A",IFERROR(IF(I40="","",IF(F40="A",AR39+1," ")),AR38+1),"") | AS40: =IFERROR(IF($I40="","",IF($F40="B",AS39+1," ")),AS38+1) -> 5 | AT40: 3
A41: =IF(I41="","",A40) -> 46266 | B41: =IF(J41="","",B40) -> 46266 | C41: =IF(I41="","",IF(A41=A40,C40+1,1)) -> 30 | D41: =IF(C41="","",D40+1) -> 30 | E41: =IF(C41="","",E40) -> D | F41: =IF(C41="","",IF(F40="A","B","A")) -> A | G41: =IF(C41="","",G40+1) -> 85243 | H41: =IF(ISBLANK(I40),H40+C$8/1440,I40+C$8/1440) -> 0.12847222 | I41: 0.125 | J41: =IF(I41="","",IF(I41<I40,(I41-I40)*1440+1440,(I41-I40)*1440)) -> 43 | N41: =IF(M41="","",M41+K41/1440) | U41: 1.8 | Y41: 2.7 | Z41: ='09월 에너지'!S43 -> 143.9 | AG41: ='09월 화학성분'!AM41 -> 2121 | AH41: =IF(I41="","",AH40+1) -> 38 | AI41: 1586 | AJ41: 0 | AK41: 682 | AL41: 6 | AM41: =IF(AT41="","",3*'09월 에너지'!S43*(1/(3+7.8*(100-AT41)/AT41))) -> 0.78157976 | AN41: 0.16041667 | AR41: =IF(F41="A",IFERROR(IF(I41="","",IF(F41="A",AR40+1," ")),AR39+1),"") -> 12 | AS41: =IFERROR(IF($I41="","",IF($F41="B",AS40+1," ")),AS39+1) | AT41: 1.4
A42: 46267 | B42: =IF(J42="","",B41) -> 46266 | C42: =IF(I42="","",IF(A42=A41,C41+1,1)) -> 1 | D42: =IF(C42="","",D41+1) -> 31 | E42: =IF(C42="","",E41) -> D | F42: =IF(C42="","",IF(F41="A","B","A")) -> B | G42: =IF(C42="","",G41+1) -> 85244 | H42: =IF(ISBLANK(I41),H41+C$8/1440,I41+C$8/1440) -> 0.15833333 | I42: 0.15694444 | J42: =IF(I42="","",IF(I42<I41,(I42-I41)*1440+1440,(I42-I41)*1440)) -> 46 | N42: =IF(M42="","",M42+K42/1440) | O42: L/D 신축 | U42: 1.8 | V42: 2.5 | W42: 1.4 | Z42: ='09월 에너지'!S44 -> 141.1 | AG42: ='09월 화학성분'!AM42 -> 2472 | AH42: =IF(I42="","",AH41+1) -> 39 | AI42: 1589 | AJ42: 72 | AK42: 687 | AL42: 5 | AM42: =IF(AT42="","",3*'09월 에너지'!S44*(1/(3+7.8*(100-AT42)/AT42))) -> 1.0989097 | AN42: 0.15555556 | AR42: =IF(F42="A",IFERROR(IF(I42="","",IF(F42="A",AR41+1," ")),AR40+1),"") | AS42: =IFERROR(IF($I42="","",IF($F42="B",AS41+1," ")),AS40+1) -> 6 | AT42: 2
A43: =IF(I43="","",A42) -> 46267 | B43: =IF(J43="","",B42) -> 46266 | C43: =IF(I43="","",IF(A43=A42,C42+1,1)) -> 2 | D43: =IF(C43="","",D42+1) -> 32 | E43: =IF(C43="","",E42) -> D | F43: =IF(C43="","",IF(F42="A","B","A")) -> A | G43: =IF(C43="","",G42+1) -> 85245 | H43: =IF(ISBLANK(I42),H42+C$8/1440,I42+C$8/1440) -> 0.19027778 | I43: 0.19027778 | J43: =IF(I43="","",IF(I43<I42,(I43-I42)*1440+1440,(I43-I42)*1440)) -> 48 | N43: =IF(M43="","",M43+K43/1440) | O43: 전극연결,열간보수 | U43: 1.8 | V43: 2.7 | W43: 1.5 | Z43: ='09월 에너지'!S45 -> 143.5 | AA43: 2368 | AB43: 양호 | AC43: O | AD43: O | AF43: O | AG43: ='09월 화학성분'!AM43 -> 1817 | AH43: =IF(I43="","",AH42+1) -> 40 | AI43: 1590 | AJ43: 0 | AK43: 573 | AL43: 7 | AM43: =IF(AT43="","",3*'09월 에너지'!S45*(1/(3+7.8*(100-AT43)/AT43))) -> 0.44372294 | AN43: 0.16944444 | AO43: S.D.K | AP43: 2000040 | AQ43: 2124 | AR43: 1 | AS43: =IFERROR(IF($I43="","",IF($F43="B",AS42+1," ")),AS41+1) | AT43: 0.8
A44: =IF(I44="","",A43) -> 46267 | B44: =IF(J44="","",B43) -> 46266 | C44: =IF(I44="","",IF(A44=A43,C43+1,1)) -> 3 | D44: =IF(C44="","",D43+1) -> 33 | E44: =IF(C44="","",E43) -> D | F44: =IF(C44="","",IF(F43="A","B","A")) -> B | G44: =IF(C44="","",G43+1) -> 85246 | H44: =IF(ISBLANK(I43),H43+C$8/1440,I43+C$8/1440) -> 0.22361111 | I44: 0.22708333 | J44: =IF(I44="","",IF(I44<I43,(I44-I43)*1440+1440,(I44-I43)*1440)) -> 53 | N44: =IF(M44="","",M44+K44/1440) | O44: 열간보수,몽짜미용해 | U44: 1.8 | Y44: 2.5 | Z44: ='09월 에너지'!S46 -> 144.4 | AA44: 2386 | AB44: 양호 | AC44: O | AD44: O | AF44: O | AG44: ='09월 화학성분'!AM44 -> 2271 | AH44: =IF(I44="","",AH43+1) -> 41 | AI44: 1596 | AJ44: 14 | AK44: 749 | AL44: 5 | AM44: =IF(AT44="","",3*'09월 에너지'!S46*(1/(3+7.8*(100-AT44)/AT44))) -> 0.78429547 | AN44: 0.175 | AR44: =IF(F44="A",IFERROR(IF(I44="","",IF(F44="A",AR43+1," ")),AR42+1),"") | AS44: =IFERROR(IF($I44="","",IF($F44="B",AS43+1," ")),AS42+1) -> 7 | AT44: 1.4
A45: =IF(I45="","",A44) -> 46267 | B45: =IF(J45="","",B44) -> 46266 | C45: =IF(I45="","",IF(A45=A44,C44+1,1)) -> 4 | D45: =IF(C45="","",D44+1) -> 34 | E45: =IF(C45="","",E44) -> D | F45: =IF(C45="","",IF(F44="A","B","A")) -> A | G45: =IF(C45="","",G44+1) -> 85247 | H45: =IF(ISBLANK(I44),H44+C$8/1440,I44+C$8/1440) -> 0.26041667 | I45: 0.25694444 | J45: =IF(I45="","",IF(I45<I44,(I45-I44)*1440+1440,(I45-I44)*1440)) -> 43 | N45: =IF(M45="","",M45+K45/1440) | O45: 지금미용해,측온不,소손,그라인딩 | U45: 1.8 | Y45: 2.8 | Z45: ='09월 에너지'!S47 -> 143.7 | AG45: ='09월 화학성분'!AM45 -> 1944 | AH45: =IF(I45="","",AH44+1) -> 42 | AI45: 1591 | AJ45: 0 | AK45: X | AL45: X | AM45: =IF(AT45="","",3*'09월 에너지'!S47*(1/(3+7.8*(100-AT45)/AT45))) -> 0.78049348 | AN45: 0.1625 | AR45: =IF(F45="A",IFERROR(IF(I45="","",IF(F45="A",AR44+1," ")),AR43+1),"") -> 2 | AS45: =IFERROR(IF($I45="","",IF($F45="B",AS44+1," ")),AS43+1) | AT45: 1.4
A46: =IF(I46="","",A45) -> 46267 | B46: 46267 | C46: =IF(I46="","",IF(A46=A45,C45+1,1)) -> 5 | D46: =IF(C46="","",D45+1) -> 35 | E46: A | F46: =IF(C46="","",IF(F45="A","B","A")) -> B | G46: =IF(C46="","",G45+1) -> 85248 | H46: =IF(ISBLANK(I45),H45+C$8/1440,I45+C$8/1440) -> 0.29027778 | I46: 0.28819444 | J46: =IF(I46="","",IF(I46<I45,(I46-I45)*1440+1440,(I46-I45)*1440)) -> 45 | N46: =IF(M46="","",M46+K46/1440) | O46: 2회 | U46: 1.8 | V46: 2.4 | W46: 1.8 | Z46: ='09월 에너지'!S48 -> 140.5 | AG46: ='09월 화학성분'!AM46 -> 2234 | AH46: =IF(I46="","",AH45+1) -> 43 | AI46: 1570 | AJ46: 0 | AK46: 584 | AL46: 7 | AM46: =IF(AT46="","",3*'09월 에너지'!S48*(1/(3+7.8*(100-AT46)/AT46))) -> 0.98358743 | AN46: 0.16666667 | AR46: =IF(F46="A",IFERROR(IF(I46="","",IF(F46="A",AR45+1," ")),AR44+1),"") | AS46: =IFERROR(IF($I46="","",IF($F46="B",AS45+1," ")),AS44+1) -> 8 | AT46: 1.8
A47: =IF(I47="","",A46) -> 46267 | B47: =IF(J47="","",B46) -> 46267 | C47: =IF(I47="","",IF(A47=A46,C46+1,1)) -> 6 | D47: =IF(C47="","",D46+1) -> 36 | E47: =IF(C47="","",E46) -> A | F47: =IF(C47="","",IF(F46="A","B","A")) -> A | G47: =IF(C47="","",G46+1) -> 85249 | H47: =IF(ISBLANK(I46),H46+C$8/1440,I46+C$8/1440) -> 0.32152778 | I47: 0.32152778 | J47: =IF(I47="","",IF(I47<I46,(I47-I46)*1440+1440,(I47-I46)*1440)) -> 48 | L47: 3 | N47: =IF(M47="","",M47+K47/1440) | O47: #2 카브젯 막힘 사용不, 탈산(C 3) | U47: 1.8 | V47: 2.5 | W47: 1.5 | Z47: ='09월 에너지'!S49 -> 140.7 | AG47: ='09월 화학성분'!AM47 -> 2028 | AH47: =IF(I47="","",AH46+1) -> 44 | AI47: 1622 | AJ47: 0 | AK47: 940 | AL47: 4 | AM47: =IF(AT47="","",3*'09월 에너지'!S49*(1/(3+7.8*(100-AT47)/AT47))) -> 0.70917339 | AN47: 0.17777778 | AR47: =IF(F47="A",IFERROR(IF(I47="","",IF(F47="A",AR46+1," ")),AR45+1),"") -> 3 | AS47: =IFERROR(IF($I47="","",IF($F47="B",AS46+1," ")),AS45+1) | AT47: 1.3
A48: =IF(I48="","",A47) -> 46267 | B48: =IF(J48="","",B47) -> 46267 | C48: =IF(I48="","",IF(A48=A47,C47+1,1)) -> 7 | D48: =IF(C48="","",D47+1) -> 37 | E48: =IF(C48="","",E47) -> A | F48: =IF(C48="","",IF(F47="A","B","A")) -> B | G48: =IF(C48="","",G47+1) -> 85250 | H48: =IF(ISBLANK(I47),H47+C$8/1440,I47+C$8/1440) -> 0.35486111 | I48: 0.35208333 | J48: =IF(I48="","",IF(I48<I47,(I48-I47)*1440+1440,(I48-I47)*1440)) -> 44 | N48: =IF(M48="","",M48+K48/1440) | U48: 1.8 | Y48: 2.4 | Z48: ='09월 에너지'!S50 -> 143.7 | AG48: ='09월 화학성분'!AM48 -> 2460 | AH48: =IF(I48="","",AH47+1) -> 45 | AI48: 1570 | AJ48: 74 | AK48: 579 | AL48: 7 | AM48: =IF(AT48="","",3*'09월 에너지'!S50*(1/(3+7.8*(100-AT48)/AT48))) -> 1.0625389 | AN48: 0.16805556 | AR48: =IF(F48="A",IFERROR(IF(I48="","",IF(F48="A",AR47+1," ")),AR46+1),"") | AS48: =IFERROR(IF($I48="","",IF($F48="B",AS47+1," ")),AS46+1) -> 9 | AT48: 1.9
A49: =IF(I49="","",A48) -> 46267 | B49: =IF(J49="","",B48) -> 46267 | C49: =IF(I49="","",IF(A49=A48,C48+1,1)) -> 8 | D49: =IF(C49="","",D48+1) -> 38 | E49: =IF(C49="","",E48) -> A | F49: =IF(C49="","",IF(F48="A","B","A")) -> A | G49: =IF(C49="","",G48+1) -> 85251 | H49: =IF(ISBLANK(I48),H48+C$8/1440,I48+C$8/1440) -> 0.38541667 | I49: 0.38333333 | J49: =IF(I49="","",IF(I49<I48,(I49-I48)*1440+1440,(I49-I48)*1440)) -> 45 | N49: =IF(M49="","",M49+K49/1440) | O49: #2 카브젯 보수 대기로 송전不 | U49: 1.8 | Y49: 2.7 | Z49: ='09월 에너지'!S51 -> 142.7 | AG49: ='09월 화학성분'!AM49 -> 552 | AH49: =IF(I49="","",AH48+1) -> 46 | AI49: 1560 | AJ49: 137 | AK49: 503 | AL49: 8 | AM49: =IF(AT49="","",3*'09월 에너지'!S51*(1/(3+7.8*(100-AT49)/AT49))) -> 1.6205749 | AN49: 0.16666667 | AR49: =IF(F49="A",IFERROR(IF(I49="","",IF(F49="A",AR48+1," ")),AR47+1),"") -> 4 | AS49: =IFERROR(IF($I49="","",IF($F49="B",AS48+1," ")),AS47+1) | AT49: 2.9
A50: =IF(I50="","",A49) -> 46267 | B50: =IF(J50="","",B49) -> 46267 | C50: =IF(I50="","",IF(A50=A49,C49+1,1)) -> 9 | D50: =IF(C50="","",D49+1) -> 39 | E50: =IF(C50="","",E49) -> A | F50: =IF(C50="","",IF(F49="A","B","A")) -> B | G50: =IF(C50="","",G49+1) -> 85252 | H50: =IF(ISBLANK(I49),H49+C$8/1440,I49+C$8/1440) -> 0.41666667 | I50: 0.41597222 | J50: =IF(I50="","",IF(I50<I49,(I50-I49)*1440+1440,(I50-I49)*1440)) -> 47 | N50: =IF(M50="","",M50+K50/1440) | O50: 3회 | U50: 1.8 | X50: 3.3 | Z50: ='09월 에너지'!S52 -> 142.3 | AG50: ='09월 화학성분'!AM50 -> 2269 | AH50: =IF(I50="","",AH49+1) -> 47 | AI50: 1561 | AJ50: 0 | AK50: 396 | AL50: 11 | AM50: =IF(AT50="","",3*'09월 에너지'!S52*(1/(3+7.8*(100-AT50)/AT50))) -> 1.6160323 | AN50: 0.15555556 | AR50: =IF(F50="A",IFERROR(IF(I50="","",IF(F50="A",AR49+1," ")),AR48+1),"") | AS50: =IFERROR(IF($I50="","",IF($F50="B",AS49+1," ")),AS48+1) -> 10 | AT50: 2.9
A51: =IF(I51="","",A50) -> 46267 | B51: =IF(J51="","",B50) -> 46267 | C51: =IF(I51="","",IF(A51=A50,C50+1,1)) -> 10 | D51: =IF(C51="","",D50+1) -> 40 | E51: =IF(C51="","",E50) -> A | F51: =IF(C51="","",IF(F50="A","B","A")) -> A | G51: =IF(C51="","",G50+1) -> 85253 | H51: =IF(ISBLANK(I50),H50+C$8/1440,I50+C$8/1440) -> 0.44930556 | I51: 0.44583333 | J51: =IF(I51="","",IF(I51<I50,(I51-I50)*1440+1440,(I51-I50)*1440)) -> 43 | N51: =IF(M51="","",M51+K51/1440) | U51: 1.8 | V51: 2.8 | Z51: ='09월 에너지'!S53 -> 143.9 | AG51: ='09월 화학성분'!AM51 -> 1478 | AH51: =IF(I51="","",AH50+1) -> 48 | AI51: 1587 | AJ51: 0 | AK51: 507 | AL51: 8 | AM51: =IF(AT51="","",3*'09월 에너지'!S53*(1/(3+7.8*(100-AT51)/AT51))) -> 0.72530242 | AN51: 0.16319444 | AR51: =IF(F51="A",IFERROR(IF(I51="","",IF(F51="A",AR50+1," ")),AR49+1),"") -> 5 | AS51: =IFERROR(IF($I51="","",IF($F51="B",AS50+1," ")),AS49+1) | AT51: 1.3
A52: =IF(I52="","",A51) -> 46267 | B52: =IF(J52="","",B51) -> 46267 | C52: =IF(I52="","",IF(A52=A51,C51+1,1)) -> 11 | D52: =IF(C52="","",D51+1) -> 41 | E52: =IF(C52="","",E51) -> A | F52: =IF(C52="","",IF(F51="A","B","A")) -> B | G52: =IF(C52="","",G51+1) -> 85254 | H52: =IF(ISBLANK(I51),H51+C$8/1440,I51+C$8/1440) -> 0.47916667 | I52: 0.47777778 | J52: =IF(I52="","",IF(I52<I51,(I52-I51)*1440+1440,(I52-I51)*1440)) -> 46 | N52: =IF(M52="","",M52+K52/1440) | U52: 1.8 | Y52: 2.6 | Z52: ='09월 에너지'!S54 -> 144 | AG52: ='09월 화학성분'!AM52 -> 2046 | AH52: =IF(I52="","",AH51+1) -> 49 | AI52: 1556 | AJ52: 0 | AK52: 350 | AL52: 12 | AM52: =IF(AT52="","",3*'09월 에너지'!S54*(1/(3+7.8*(100-AT52)/AT52))) -> 0.83850932 | AN52: 0.15208333 | AR52: =IF(F52="A",IFERROR(IF(I52="","",IF(F52="A",AR51+1," ")),AR50+1),"") | AS52: =IFERROR(IF($I52="","",IF($F52="B",AS51+1," ")),AS50+1) -> 11 | AT52: 1.5
A53: =IF(I53="","",A52) -> 46267 | B53: =IF(J53="","",B52) -> 46267 | C53: =IF(I53="","",IF(A53=A52,C52+1,1)) -> 12 | D53: =IF(C53="","",D52+1) -> 42 | E53: =IF(C53="","",E52) -> A | F53: =IF(C53="","",IF(F52="A","B","A")) -> A | G53: =IF(C53="","",G52+1) -> 85255 | H53: =IF(ISBLANK(I52),H52+C$8/1440,I52+C$8/1440) -> 0.51111111 | I53: 0.50763889 | J53: =IF(I53="","",IF(I53<I52,(I53-I52)*1440+1440,(I53-I52)*1440)) -> 43 | N53: =IF(M53="","",M53+K53/1440) | U53: 1.8 | Y53: 2.5 | Z53: ='09월 에너지'!S55 -> 143.8 | AG53: ='09월 화학성분'!AM53 -> 1839 | AH53: =IF(I53="","",AH52+1) -> 50 | AI53: 1568 | AJ53: 0 | AK53: 662 | AL53: 6 | AM53: =IF(AT53="","",3*'09월 에너지'!S55*(1/(3+7.8*(100-AT53)/AT53))) -> 0.55650155 | AN53: 0.15972222 | AR53: =IF(F53="A",IFERROR(IF(I53="","",IF(F53="A",AR52+1," ")),AR51+1),"") -> 6 | AS53: =IFERROR(IF($I53="","",IF($F53="B",AS52+1," ")),AS51+1) | AT53: 1
A54: =IF(I54="","",A53) -> 46267 | B54: =IF(J54="","",B53) -> 46267 | C54: =IF(I54="","",IF(A54=A53,C53+1,1)) -> 13 | D54: =IF(C54="","",D53+1) -> 43 | E54: =IF(C54="","",E53) -> A | F54: =IF(C54="","",IF(F53="A","B","A")) -> B | G54: =IF(C54="","",G53+1) -> 85256 | H54: =IF(ISBLANK(I53),H53+C$8/1440,I53+C$8/1440) -> 0.54097222 | I54: 0.53888889 | J54: =IF(I54="","",IF(I54<I53,(I54-I53)*1440+1440,(I54-I53)*1440)) -> 45 | L54: 2 | N54: =IF(M54="","",M54+K54/1440) | O54: 4회, 고철누름 | U54: 1.8 | Y54: 2.5 | Z54: ='09월 에너지'!S56 -> 142.9 | AG54: ='09월 화학성분'!AM54 -> 1986 | AH54: =IF(I54="","",AH53+1) -> 51 | AI54: 1557 | AJ54: 0 | AK54: 318 | AL54: 14 | AM54: =IF(AT54="","",3*'09월 에너지'!S56*(1/(3+7.8*(100-AT54)/AT54))) -> 0.83210404 | AN54: 0.15208333 | AR54: =IF(F54="A",IFERROR(IF(I54="","",IF(F54="A",AR53+1," ")),AR52+1),"") | AS54: =IFERROR(IF($I54="","",IF($F54="B",AS53+1," ")),AS52+1) -> 12 | AT54: 1.5
A55: =IF(I55="","",A54) -> 46267 | B55: =IF(J55="","",B54) -> 46267 | C55: =IF(I55="","",IF(A55=A54,C54+1,1)) -> 14 | D55: =IF(C55="","",D54+1) -> 44 | E55: =IF(C55="","",E54) -> A | F55: =IF(C55="","",IF(F54="A","B","A")) -> A | G55: =IF(C55="","",G54+1) -> 85257 | H55: =IF(ISBLANK(I54),H54+C$8/1440,I54+C$8/1440) -> 0.57222222 | I55: 0.57361111 | J55: =IF(I55="","",IF(I55<I54,(I55-I54)*1440+1440,(I55-I54)*1440)) -> 50 | N55: =IF(M55="","",M55+K55/1440) | U55: 1.8 | Y55: 2.8 | Z55: ='09월 에너지'!S57 -> 143.4 | AA55: 1597 | AB55: 양호 | AC55: O | AF55: O | AG55: ='09월 화학성분'!AM55 -> 2118 | AH55: =IF(I55="","",AH54+1) -> 52 | AI55: 1583 | AJ55: 0 | AK55: 562 | AL55: 7 | AM55: =IF(AT55="","",3*'09월 에너지'!S57*(1/(3+7.8*(100-AT55)/AT55))) -> 0.33214947 | AN55: 0.19652778 | AR55: =IF(F55="A",IFERROR(IF(I55="","",IF(F55="A",AR54+1," ")),AR53+1),"") -> 7 | AS55: =IFERROR(IF($I55="","",IF($F55="B",AS54+1," ")),AS53+1) | AT55: 0.6
A56: =IF(I56="","",A55) -> 46267 | B56: =IF(J56="","",B55) -> 46267 | C56: =IF(I56="","",IF(A56=A55,C55+1,1)) -> 15 | D56: =IF(C56="","",D55+1) -> 45 | E56: C | F56: =IF(C56="","",IF(F55="A","B","A")) -> B | G56: =IF(C56="","",G55+1) -> 85258 | H56: =IF(ISBLANK(I55),H55+C$8/1440,I55+C$8/1440) -> 0.60694444 | I56: 0.61388889 | J56: =IF(I56="","",IF(I56<I55,(I56-I55)*1440+1440,(I56-I55)*1440)) -> 58 | N56: =IF(M56="","",M56+K56/1440) | U56: 1.8 | V56: 2.6 | W56: 1.7 | Z56: ='09월 에너지'!S58 -> 142.2 | AA56: 2272 | AB56: 양호 | AC56: O | AF56: O | AG56: ='09월 화학성분'!AM56 -> 3073 | AH56: =IF(I56="","",AH55+1) -> 53 | AI56: 1545 | AJ56: 0 | AK56: 339 | AL56: 7 | AM56: =IF(AT56="","",3*'09월 에너지'!S58*(1/(3+7.8*(100-AT56)/AT56))) -> 0.49497215 | AN56: 0.14791667 | AR56: =IF(F56="A",IFERROR(IF(I56="","",IF(F56="A",AR55+1," ")),AR54+1),"") | AS56: =IFERROR(IF($I56="","",IF($F56="B",AS55+1," ")),AS54+1) -> 13 | AT56: 0.9
A57: =IF(I57="","",A56) -> 46267 | B57: =IF(J57="","",B56) -> 46267 | C57: =IF(I57="","",IF(A57=A56,C56+1,1)) -> 16 | D57: =IF(C57="","",D56+1) -> 46 | E57: =IF(C57="","",E56) -> C | F57: =IF(C57="","",IF(F56="A","B","A")) -> A | G57: =IF(C57="","",G56+1) -> 85259 | H57: =IF(ISBLANK(I56),H56+C$8/1440,I56+C$8/1440) -> 0.64722222 | I57: 0.64236111 | J57: =IF(I57="","",IF(I57<I56,(I57-I56)*1440+1440,(I57-I56)*1440)) -> 41 | N57: =IF(M57="","",M57+K57/1440) | U57: 1.8 | V57: 2.6 | W57: 1.4 | Z57: ='09월 에너지'!S59 -> 144.4 | AG57: ='09월 화학성분'!AM57 -> 1795 | AH57: =IF(I57="","",AH56+1) -> 54 | AI57: 1596 | AJ57: 0 | AK57: 553 | AL57: 7 | AM57: =IF(AT57="","",3*'09월 에너지'!S59*(1/(3+7.8*(100-AT57)/AT57))) -> 0.72782258 | AN57: 0.14791667 | AR57: =IF(F57="A",IFERROR(IF(I57="","",IF(F57="A",AR56+1," ")),AR55+1),"") -> 8 | AS57: =IFERROR(IF($I57="","",IF($F57="B",AS56+1," ")),AS55+1) | AT57: 1.3
A58: =IF(I58="","",A57) -> 46267 | B58: =IF(J58="","",B57) -> 46267 | C58: =IF(I58="","",IF(A58=A57,C57+1,1)) -> 17 | D58: =IF(C58="","",D57+1) -> 47 | E58: =IF(C58="","",E57) -> C | F58: =IF(C58="","",IF(F57="A","B","A")) -> B | G58: =IF(C58="","",G57+1) -> 85260 | H58: =IF(ISBLANK(I57),H57+C$8/1440,I57+C$8/1440) -> 0.67569444 | I58: 0.68055556 | J58: =IF(I58="","",IF(I58<I57,(I58-I57)*1440+1440,(I58-I57)*1440)) -> 55 | L58: 8 | N58: =IF(M58="","",M58+K58/1440) | O58: 5회.탈탄(112-12) | U58: 1.8 | Y58: 2.8 | Z58: ='09월 에너지'!S60 -> 143.7 | AG58: ='09월 화학성분'!AM58 -> 1639 | AH58: =IF(I58="","",AH57+1) -> 55 | AI58: 1580 | AJ58: 0 | AK58: 430 | AL58: 10 | AM58: =IF(AT58="","",3*'09월 에너지'!S60*(1/(3+7.8*(100-AT58)/AT58))) -> 2.0926086 | AN58: 0.15486111 | AR58: =IF(F58="A",IFERROR(IF(I58="","",IF(F58="A",AR57+1," ")),AR56+1),"") | AS58: =IFERROR(IF($I58="","",IF($F58="B",AS57+1," ")),AS56+1) -> 14 | AT58: 3.7
A59: =IF(I59="","",A58) -> 46267 | B59: =IF(J59="","",B58) -> 46267 | C59: =IF(I59="","",IF(A59=A58,C58+1,1)) -> 18 | D59: =IF(C59="","",D58+1) -> 48 | E59: =IF(C59="","",E58) -> C | F59: =IF(C59="","",IF(F58="A","B","A")) -> A | G59: =IF(C59="","",G58+1) -> 85261 | H59: =IF(ISBLANK(I58),H58+C$8/1440,I58+C$8/1440) -> 0.71388889 | I59: 0.70763889 | J59: =IF(I59="","",IF(I59<I58,(I59-I58)*1440+1440,(I59-I58)*1440)) -> 39 | N59: =IF(M59="","",M59+K59/1440) | O59: 고철+5톤 | U59: 1.8 | Y59: 2.6 | Z59: ='09월 에너지'!S61 -> 143.8 | AG59: ='09월 화학성분'!AM59 -> 1641 | AH59: =IF(I59="","",AH58+1) -> 56 | AI59: 1592 | AJ59: 0 | AK59: 793 | AL59: 5 | AM59: =IF(AT59="","",3*'09월 에너지'!S61*(1/(3+7.8*(100-AT59)/AT59))) -> 0.72479839 | AN59: 0.14722222 | AR59: =IF(F59="A",IFERROR(IF(I59="","",IF(F59="A",AR58+1," ")),AR57+1),"") -> 9 | AS59: =IFERROR(IF($I59="","",IF($F59="B",AS58+1," ")),AS57+1) | AT59: 1.3
A60: =IF(I60="","",A59) -> 46267 | B60: =IF(J60="","",B59) -> 46267 | C60: =IF(I60="","",IF(A60=A59,C59+1,1)) -> 19 | D60: =IF(C60="","",D59+1) -> 49 | E60: =IF(C60="","",E59) -> C | F60: A | G60: =IF(C60="","",G59+1) -> 85262 | H60: =IF(ISBLANK(I59),H59+C$8/1440,I59+C$8/1440) -> 0.74097222 | I60: 0.74791667 | J60: =IF(I60="","",IF(I60<I59,(I60-I59)*1440+1440,(I60-I59)*1440)) -> 58 | K60: 10 | M60: 0.70972222 | N60: =IF(M60="","",M60+K60/1440) -> 0.71666667 | O60: B로 S3-8 누수용접(편로) | U60: 1.8 | Y60: 2.3 | Z60: ='09월 에너지'!S62 -> 141.9 | AG60: ='09월 화학성분'!AM60 -> 1768 | AH60: =IF(I60="","",AH59+1) -> 57 | AI60: 1561 | AJ60: 0 | AK60: 652 | AL60: 6 | AM60: =IF(AT60="","",3*'09월 에너지'!S62*(1/(3+7.8*(100-AT60)/AT60))) -> 0.71522177 | AN60: 0.13958333 | AR60: =IF(F60="A",IFERROR(IF(I60="","",IF(F60="A",AR59+1," ")),AR58+1),"") -> 10 | AT60: 1.3 | AV60: A로 보수재 4포충진
A61: =IF(I61="","",A60) -> 46267 | B61: =IF(J61="","",B60) -> 46267 | C61: =IF(I61="","",IF(A61=A60,C60+1,1)) -> 20 | D61: =IF(C61="","",D60+1) -> 50 | E61: =IF(C61="","",E60) -> C | F61: =IF(C61="","",IF(F60="A","B","A")) -> B | G61: =IF(C61="","",G60+1) -> 85263 | H61: =IF(ISBLANK(I60),H60+C$8/1440,I60+C$8/1440) -> 0.78125 | I61: 0.78958333 | J61: =IF(I61="","",IF(I61<I60,(I61-I60)*1440+1440,(I61-I60)*1440)) -> 60 | L61: 3 | N61: =IF(M61="","",M61+K61/1440) | O61: 전극연결.열간보수.온도저하(재송전).측온홀더 소손(그라인딩) | U61: 1.8 | V61: 2.7 | W61: 1.4 | Z61: ='09월 에너지'!S63 -> 143.9 | AA61: 2500 | AB61: 양호 | AC61: O | AD61: O | AF61: O | AG61: ='09월 화학성분'!AM61 -> 1690 | AH61: 1 | AI61: 1574 | AJ61: 0 | AK61: X | AL61: X | AM61: =IF(AT61="","",3*'09월 에너지'!S63*(1/(3+7.8*(100-AT61)/AT61))) -> 0.55688854 | AN61: 0.14861111 | AO61: S.D.K | AP61: 2000041 | AQ61: 2132 | AR61: =IF(F61="A",IFERROR(IF(I61="","",IF(F61="A",AR60+1," ")),AR59+1),"") | AS61: 1 | AT61: 1
A62: =IF(I62="","",A61) -> 46267 | B62: =IF(J62="","",B61) -> 46267 | C62: =IF(I62="","",IF(A62=A61,C61+1,1)) -> 21 | D62: =IF(C62="","",D61+1) -> 51 | E62: =IF(C62="","",E61) -> C | F62: =IF(C62="","",IF(F61="A","B","A")) -> A | G62: =IF(C62="","",G61+1) -> 85264 | H62: =IF(ISBLANK(I61),H61+C$8/1440,I61+C$8/1440) -> 0.82291667 | I62: 0.81875 | J62: =IF(I62="","",IF(I62<I61,(I62-I61)*1440+1440,(I62-I61)*1440)) -> 42 | N62: =IF(M62="","",M62+K62/1440) | O62: 6회 | U62: 1.8 | Y62: 2.4 | Z62: ='09월 에너지'!S64 -> 143.1 | AG62: ='09월 화학성분'!AM62 -> 2532 | AH62: =IF(I62="","",AH61+1) -> 2 | AI62: 1589 | AJ62: 54 | AK62: 808 | AL62: 4 | AM62: =IF(AT62="","",3*'09월 에너지'!S64*(1/(3+7.8*(100-AT62)/AT62))) -> 1.2274641 | AN62: 0.13541667 | AR62: =IF(F62="A",IFERROR(IF(I62="","",IF(F62="A",AR61+1," ")),AR60+1),"") -> 11 | AS62: =IFERROR(IF($I62="","",IF($F62="B",AS61+1," ")),AS60+1) | AT62: 2.2
A63: =IF(I63="","",A62) -> 46267 | B63: =IF(J63="","",B62) -> 46267 | C63: =IF(I63="","",IF(A63=A62,C62+1,1)) -> 22 | D63: =IF(C63="","",D62+1) -> 52 | E63: =IF(C63="","",E62) -> C | F63: =IF(C63="","",IF(F62="A","B","A")) -> B | G63: =IF(C63="","",G62+1) -> 85265 | H63: =IF(ISBLANK(I62),H62+C$8/1440,I62+C$8/1440) -> 0.85208333 | I63: 0.85138889 | J63: =IF(I63="","",IF(I63<I62,(I63-I62)*1440+1440,(I63-I62)*1440)) -> 47 | N63: =IF(M63="","",M63+K63/1440) | U63: 1.8 | Y63: 2.6 | Z63: ='09월 에너지'!S65 -> 143.9 | AG63: ='09월 화학성분'!AM63 -> 899 | AH63: =IF(I63="","",AH62+1) -> 3 | AI63: 1586 | AJ63: 0 | AK63: 799 | AL63: 5 | AM63: =IF(AT63="","",3*'09월 에너지'!S65*(1/(3+7.8*(100-AT63)/AT63))) -> 1.0073895 | AN63: 0.14444444 | AR63: =IF(F63="A",IFERROR(IF(I63="","",IF(F63="A",AR62+1," ")),AR61+1),"") | AS63: =IFERROR(IF($I63="","",IF($F63="B",AS62+1," ")),AS61+1) -> 2 | AT63: 1.8
A64: =IF(I64="","",A63) -> 46267 | B64: =IF(J64="","",B63) -> 46267 | C64: =IF(I64="","",IF(A64=A63,C63+1,1)) -> 23 | D64: =IF(C64="","",D63+1) -> 53 | E64: =IF(C64="","",E63) -> C | F64: =IF(C64="","",IF(F63="A","B","A")) -> A | G64: =IF(C64="","",G63+1) -> 85266 | H64: =IF(ISBLANK(I63),H63+C$8/1440,I63+C$8/1440) -> 0.88472222 | I64: 0.88680556 | J64: =IF(I64="","",IF(I64<I63,(I64-I63)*1440+1440,(I64-I63)*1440)) -> 51 | N64: =IF(M64="","",M64+K64/1440) | O64: 열간보수 | U64: 1.8 | V64: 3.4 | X64: X | Z64: ='09월 에너지'!S66 -> 144.4 | AA64: 2095 | AB64: 양호 | AC64: O | AF64: O | AG64: ='09월 화학성분'!AM64 -> 2553 | AH64: =IF(I64="","",AH63+1) -> 4 | AI64: 1553 | AJ64: 0 | AK64: 807 | AL64: 5 | AM64: =IF(AT64="","",3*'09월 에너지'!S66*(1/(3+7.8*(100-AT64)/AT64))) -> 0.39045117 | AN64: 0.1375 | AR64: =IF(F64="A",IFERROR(IF(I64="","",IF(F64="A",AR63+1," ")),AR62+1),"") -> 12 | AS64: =IFERROR(IF($I64="","",IF($F64="B",AS63+1," ")),AS62+1) | AT64: 0.7
A65: =IF(I65="","",A64) -> 46267 | B65: =IF(J65="","",B64) -> 46267 | C65: =IF(I65="","",IF(A65=A64,C64+1,1)) -> 24 | D65: =IF(C65="","",D64+1) -> 54 | E65: =IF(C65="","",E64) -> C | F65: =IF(C65="","",IF(F64="A","B","A")) -> B | G65: =IF(C65="","",G64+1) -> 85267 | H65: =IF(ISBLANK(I64),H64+C$8/1440,I64+C$8/1440) -> 0.92013889 | I65: 0.91736111 | J65: =IF(I65="","",IF(I65<I64,(I65-I64)*1440+1440,(I65-I64)*1440)) -> 44 | N65: =IF(M65="","",M65+K65/1440) | U65: 1.8 | X65: 3.2 | Z65: ='09월 에너지'!S67 -> 144.6 | AG65: ='09월 화학성분'!AM65 -> 849 | AH65: =IF(I65="","",AH64+1) -> 5 | AI65: 1565 | AJ65: 0 | AK65: 609 | AL65: 6 | AM65: =IF(AT65="","",3*'09월 에너지'!S67*(1/(3+7.8*(100-AT65)/AT65))) -> 1.1832138 | AN65: 0.13888889 | AR65: =IF(F65="A",IFERROR(IF(I65="","",IF(F65="A",AR64+1," ")),AR63+1),"") | AS65: =IFERROR(IF($I65="","",IF($F65="B",AS64+1," ")),AS63+1) -> 3 | AT65: 2.1
A66: =IF(I66="","",A65) -> 46267 | B66: =IF(J66="","",B65) -> 46267 | C66: =IF(I66="","",IF(A66=A65,C65+1,1)) -> 25 | D66: =IF(C66="","",D65+1) -> 55 | E66: D | F66: =IF(C66="","",IF(F65="A","B","A")) -> A | G66: =IF(C66="","",G65+1) -> 85268 | H66: =IF(ISBLANK(I65),H65+C$8/1440,I65+C$8/1440) -> 0.95069444 | I66: 0.94861111 | J66: =IF(I66="","",IF(I66<I65,(I66-I65)*1440+1440,(I66-I65)*1440)) -> 45 | N66: =IF(M66="","",M66+K66/1440) | O66: 고철+5톤,내화물부상 | U66: 1.8 | Y66: 2.6 | Z66: ='09월 에너지'!S68 -> 144.4 | AG66: ='09월 화학성분'!AM66 -> 2761 | AH66: =IF(I66="","",AH65+1) -> 6 | AI66: 1572 | AJ66: 40 | AK66: 358 | AL66: 12 | AM66: =IF(AT66="","",3*'09월 에너지'!S68*(1/(3+7.8*(100-AT66)/AT66))) -> 0.50262995 | AN66: 0.15208333 | AR66: =IF(F66="A",IFERROR(IF(I66="","",IF(F66="A",AR65+1," ")),AR64+1),"") -> 13 | AS66: =IFERROR(IF($I66="","",IF($F66="B",AS65+1," ")),AS64+1) | AT66: 0.9
A67: =IF(I67="","",A66) -> 46267 | B67: =IF(J67="","",B66) -> 46267 | C67: =IF(I67="","",IF(A67=A66,C66+1,1)) -> 26 | D67: =IF(C67="","",D66+1) -> 56 | E67: =IF(C67="","",E66) -> D | F67: =IF(C67="","",IF(F66="A","B","A")) -> B | G67: =IF(C67="","",G66+1) -> 85269 | H67: =IF(ISBLANK(I66),H66+C$8/1440,I66+C$8/1440) -> 0.98194444 | I67: 0.97986111 | J67: =IF(I67="","",IF(I67<I66,(I67-I66)*1440+1440,(I67-I66)*1440)) -> 45 | N67: =IF(M67="","",M67+K67/1440) | O67: 유탕미용해 | U67: 1.8 | Y67: 2.8 | Z67: ='09월 에너지'!S69 -> 145 | AG67: ='09월 화학성분'!AM67 -> 1205 | AH67: =IF(I67="","",AH66+1) -> 7 | AI67: 1592 | AJ67: 25 | AK67: 775 | AL67: 5 | AM67: =IF(AT67="","",3*'09월 에너지'!S69*(1/(3+7.8*(100-AT67)/AT67))) -> 0.56114551 | AN67: 0.14166667 | AR67: =IF(F67="A",IFERROR(IF(I67="","",IF(F67="A",AR66+1," ")),AR65+1),"") | AS67: =IFERROR(IF($I67="","",IF($F67="B",AS66+1," ")),AS65+1) -> 4 | AT67: 1
A68: =IF(I68="","",A67) -> 46267 | B68: =IF(J68="","",B67) -> 46267 | C68: =IF(I68="","",IF(A68=A67,C67+1,1)) -> 27 | D68: =IF(C68="","",D67+1) -> 57 | E68: =IF(C68="","",E67) -> D | F68: =IF(C68="","",IF(F67="A","B","A")) -> A | G68: =IF(C68="","",G67+1) -> 85270 | H68: =IF(ISBLANK(I67),H67+C$8/1440,I67+C$8/1440) -> 1.0131944 | I68: 0.011805556 | J68: =IF(I68="","",IF(I68<I67,(I68-I67)*1440+1440,(I68-I67)*1440)) -> 46 | N68: =IF(M68="","",M68+K68/1440) | U68: 1.8 | Y68: 2.4 | Z68: ='09월 에너지'!S70 -> 145.1 | AG68: ='09월 화학성분'!AM68 -> 2324 | AH68: =IF(I68="","",AH67+1) -> 8 | AI68: 1584 | AJ68: 57 | AK68: 924 | AL68: 4 | AM68: =IF(AT68="","",3*'09월 에너지'!S70*(1/(3+7.8*(100-AT68)/AT68))) -> 0.95876088 | AN68: 0.14861111 | AR68: =IF(F68="A",IFERROR(IF(I68="","",IF(F68="A",AR67+1," ")),AR66+1),"") -> 14 | AS68: =IFERROR(IF($I68="","",IF($F68="B",AS67+1," ")),AS66+1) | AT68: 1.7
A69: =IF(I69="","",A68) -> 46267 | B69: =IF(J69="","",B68) -> 46267 | C69: =IF(I69="","",IF(A69=A68,C68+1,1)) -> 28 | D69: =IF(C69="","",D68+1) -> 58 | E69: =IF(C69="","",E68) -> D | F69: =IF(C69="","",IF(F68="A","B","A")) -> B | G69: =IF(C69="","",G68+1) -> 85271 | H69: =IF(ISBLANK(I68),H68+C$8/1440,I68+C$8/1440) -> 0.045138889 | I69: 0.043055556 | J69: =IF(I69="","",IF(I69<I68,(I69-I68)*1440+1440,(I69-I68)*1440)) -> 45 | N69: =IF(M69="","",M69+K69/1440) | U69: 1.8 | Y69: 2.5 | Z69: ='09월 에너지'!S71 -> 145 | AG69: ='09월 화학성분'!AM69 -> 1802 | AH69: =IF(I69="","",AH68+1) -> 9 | AI69: 1576 | AJ69: 68 | AK69: 726 | AL69: 5 | AM69: =IF(AT69="","",3*'09월 에너지'!S71*(1/(3+7.8*(100-AT69)/AT69))) -> 0.78755431 | AN69: 0.14097222 | AR69: =IF(F69="A",IFERROR(IF(I69="","",IF(F69="A",AR68+1," ")),AR67+1),"") | AS69: =IFERROR(IF($I69="","",IF($F69="B",AS68+1," ")),AS67+1) -> 5 | AT69: 1.4
A70: =IF(I70="","",A69) -> 46267 | B70: =IF(J70="","",B69) -> 46267 | C70: =IF(I70="","",IF(A70=A69,C69+1,1)) -> 29 | D70: =IF(C70="","",D69+1) -> 59 | E70: =IF(C70="","",E69) -> D | F70: =IF(C70="","",IF(F69="A","B","A")) -> A | G70: =IF(C70="","",G69+1) -> 85272 | H70: =IF(ISBLANK(I69),H69+C$8/1440,I69+C$8/1440) -> 0.076388889 | I70: 0.075694444 | J70: =IF(I70="","",IF(I70<I69,(I70-I69)*1440+1440,(I70-I69)*1440)) -> 47 | N70: =IF(M70="","",M70+K70/1440) | O70: 전극연결,열간보수 | U70: 1.8 | Y70: 2.6 | Z70: ='09월 에너지'!S72 -> 143.1 | AA70: 2544 | AB70: 양호 | AD70: O | AF70: O | AG70: ='09월 화학성분'!AM70 -> 2252 | AH70: =IF(I70="","",AH69+1) -> 10 | AI70: 1579 | AJ70: 0 | AK70: 585 | AL70: 7 | AM70: =IF(AT70="","",3*'09월 에너지'!S72*(1/(3+7.8*(100-AT70)/AT70))) -> 0.66537508 | AN70: 0.16319444 | AO70: S.D.K | AP70: 200 | AQ70: 2000 | AR70: 1 | AS70: =IFERROR(IF($I70="","",IF($F70="B",AS69+1," ")),AS68+1) | AT70: 1.2
A71: =IF(I71="","",A70) -> 46267 | B71: =IF(J71="","",B70) -> 46267 | C71: =IF(I71="","",IF(A71=A70,C70+1,1)) -> 30 | D71: =IF(C71="","",D70+1) -> 60 | E71: =IF(C71="","",E70) -> D | F71: =IF(C71="","",IF(F70="A","B","A")) -> B | G71: =IF(C71="","",G70+1) -> 85273 | H71: =IF(ISBLANK(I70),H70+C$8/1440,I70+C$8/1440) -> 0.10902778 | I71: 0.10694444 | J71: =IF(I71="","",IF(I71<I70,(I71-I70)*1440+1440,(I71-I70)*1440)) -> 45 | N71: =IF(M71="","",M71+K71/1440) | U71: 1.8 | V71: 2.4 | W71: 1.6 | Z71: ='09월 에너지'!S73 -> 143.9 | AG71: ='09월 화학성분'!AM71 -> 1725 | AH71: =IF(I71="","",AH70+1) -> 11 | AI71: 1603 | AJ71: 160 | AK71: 690 | AL71: 5 | AM71: =IF(AT71="","",3*'09월 에너지'!S73*(1/(3+7.8*(100-AT71)/AT71))) -> 2.3279277 | AN71: 0.13819444 | AR71: =IF(F71="A",IFERROR(IF(I71="","",IF(F71="A",AR70+1," ")),AR69+1),"") | AS71: =IFERROR(IF($I71="","",IF($F71="B",AS70+1," ")),AS69+1) -> 6 | AT71: 4.1
A72: =IF(I72="","",A71) -> 46267 | B72: =IF(J72="","",B71) -> 46267 | C72: =IF(I72="","",IF(A72=A71,C71+1,1)) -> 31 | D72: =IF(C72="","",D71+1) -> 61 | E72: =IF(C72="","",E71) -> D | F72: =IF(C72="","",IF(F71="A","B","A")) -> A | G72: =IF(C72="","",G71+1) -> 85274 | H72: =IF(ISBLANK(I71),H71+C$8/1440,I71+C$8/1440) -> 0.14027778 | I72: 0.1375 | J72: =IF(I72="","",IF(I72<I71,(I72-I71)*1440+1440,(I72-I71)*1440)) -> 44 | N72: =IF(M72="","",M72+K72/1440) | O72: 란마랜스 누수 | U72: 1.8 | Y72: 2.7 | Z72: ='09월 에너지'!S74 -> 143 | AG72: ='09월 화학성분'!AM72 -> 2243 | AH72: =IF(I72="","",AH71+1) -> 12 | AI72: 1589 | AJ72: 0 | AK72: 784 | AL72: 5 | AM72: =IF(AT72="","",3*'09월 에너지'!S74*(1/(3+7.8*(100-AT72)/AT72))) -> 1.1137072 | AN72: 0.15 | AR72: =IF(F72="A",IFERROR(IF(I72="","",IF(F72="A",AR71+1," ")),AR70+1),"") -> 2 | AS72: =IFERROR(IF($I72="","",IF($F72="B",AS71+1," ")),AS70+1) | AT72: 2
A73: 46268 | B73: =IF(J73="","",B72) -> 46267 | C73: =IF(I73="","",IF(A73=A72,C72+1,1)) -> 1 | D73: =IF(C73="","",D72+1) -> 62 | E73: =IF(C73="","",E72) -> D | F73: =IF(C73="","",IF(F72="A","B","A")) -> B | G73: =IF(C73="","",G72+1) -> 85275 | H73: =IF(ISBLANK(I72),H72+C$8/1440,I72+C$8/1440) -> 0.17083333 | I73: 0.16805556 | J73: =IF(I73="","",IF(I73<I72,(I73-I72)*1440+1440,(I73-I72)*1440)) -> 44 | N73: =IF(M73="","",M73+K73/1440) | U73: 1.8 | Y73: 2.8 | Z73: ='09월 에너지'!S75 -> 143.1 | AG73: ='09월 화학성분'!AM73 -> 1536 | AH73: =IF(I73="","",AH72+1) -> 13 | AI73: 1597 | AJ73: 26 | AK73: 749 | AL73: 5 | AM73: =IF(AT73="","",3*'09월 에너지'!S75*(1/(3+7.8*(100-AT73)/AT73))) -> 0.66537508 | AN73: 0.13263889 | AR73: =IF(F73="A",IFERROR(IF(I73="","",IF(F73="A",AR72+1," ")),AR71+1),"") | AS73: =IFERROR(IF($I73="","",IF($F73="B",AS72+1," ")),AS71+1) -> 7 | AT73: 1.2
A74: =IF(I74="","",A73) -> 46268 | B74: =IF(J74="","",B73) -> 46267 | C74: =IF(I74="","",IF(A74=A73,C73+1,1)) -> 2 | D74: =IF(C74="","",D73+1) -> 63 | E74: =IF(C74="","",E73) -> D | F74: =IF(C74="","",IF(F73="A","B","A")) -> A | G74: =IF(C74="","",G73+1) -> 85276 | H74: =IF(ISBLANK(I73),H73+C$8/1440,I73+C$8/1440) -> 0.20138889 | I74: 0.20277778 | J74: =IF(I74="","",IF(I74<I73,(I74-I73)*1440+1440,(I74-I73)*1440)) -> 50 | N74: =IF(M74="","",M74+K74/1440) | O74: 란마랜스누수,교체,샤용不,측온Error,탈착중Stop,그라인딩 | U74: 1.8 | V74: 2.4 | W74: 1.5 | Z74: ='09월 에너지'!S76 -> 143.5 | AG74: ='09월 화학성분'!AM74 -> 2268 | AH74: =IF(I74="","",AH73+1) -> 14 | AI74: 1618 | AJ74: 0 | AK74: X | AL74: X | AM74: =IF(AT74="","",3*'09월 에너지'!S76*(1/(3+7.8*(100-AT74)/AT74))) -> 0.72328629 | AN74: 0.15277778 | AR74: =IF(F74="A",IFERROR(IF(I74="","",IF(F74="A",AR73+1," ")),AR72+1),"") -> 3 | AS74: =IFERROR(IF($I74="","",IF($F74="B",AS73+1," ")),AS72+1) | AT74: 1.3
